<!DOCTYPE HTML PUBLIC "-//W3C//DTD HTML 4.0 Transitional//EN">
<!-- saved from url=(0054)http://www.frontbase.com/download/Examples/Rentals.sql -->
<HTML><HEAD>
<META http-equiv=Content-Type content="text/html; charset=windows-1252">
<META content="MSHTML 6.00.2800.1106" name=GENERATOR></HEAD>
<BODY><PRE>connect to Rentals user _system;
set commit false;
SET TRANSACTION ISOLATION LEVEL SERIALIZABLE, LOCKING PESSIMISTIC;
commit;

CREATE TABLE "CREDIT_CARD" (
	"AUTHORIZATION_DATE" TIMESTAMP NOT NULL,
	"AUTHORIZATION_NUM" VARCHAR(10) NOT NULL,
	"CARD_NUMBER" VARCHAR(25) NOT NULL,
	"CUSTOMER_ID" INTEGER NOT NULL,
	"EXPIRATION_DATE" TIMESTAMP NOT NULL,
	"CLIMIT" DOUBLE PRECISION NOT NULL
);
CREATE TABLE "CUSTOMER" (
	"CITY" VARCHAR(20) NOT NULL,
	"CUSTOMER_ID" INTEGER NOT NULL,
	"FIRST_NAME" VARCHAR(20) NOT NULL,
	"LAST_NAME" VARCHAR(30) NOT NULL,
	"MEMBER_SINCE" TIMESTAMP,
	"PHONE" VARCHAR(10),
	"STATE" VARCHAR(2),
	"STREET_ADDRESS" VARCHAR(50),
	"ZIP" VARCHAR(10)
);
CREATE TABLE "FEE" (
	"AMOUNT" DOUBLE PRECISION NOT NULL,
	"DATE_PAID" TIMESTAMP,
	"FEE_ID" INTEGER NOT NULL,
	"FEE_TYPE_ID" INTEGER NOT NULL,
	"RENTAL_ID" INTEGER NOT NULL
);
CREATE TABLE "FEE_TYPE" (
	"ENABLED" INTEGER NOT NULL,
	"FEE_TYPE" VARCHAR(15) NOT NULL,
	"FEE_TYPE_ID" INTEGER NOT NULL,
	"ORDER_BY" INTEGER NOT NULL
);
CREATE TABLE "RENTAL" (
	"CUSTOMER_ID" INTEGER NOT NULL,
	"DATE_OUT" TIMESTAMP NOT NULL,
	"DATE_RETURNED" TIMESTAMP,
	"RENTAL_ID" INTEGER NOT NULL,
	"UNIT_ID" INTEGER NOT NULL
);
CREATE TABLE "RENTAL_TERMS" (
	"CHECK_OUT_LENGTH" INTEGER NOT NULL,
	"COST" DOUBLE PRECISION NOT NULL,
	"DEPOSIT_AMOUNT" DOUBLE PRECISION NOT NULL,
	"NAME" VARCHAR(20) NOT NULL,
	"RENTAL_TERM_ID" INTEGER NOT NULL
);
CREATE TABLE "UNIT" (
	"DATE_ACQUIRED" TIMESTAMP NOT NULL,
	"NOTES" VARCHAR(255),
	"UNIT_ID" INTEGER NOT NULL,
	"VIDEO_ID" INTEGER NOT NULL
);
CREATE TABLE "RENTALS_USER" (
	"ACCESS_LEVEL" INTEGER NOT NULL,
	"CUSTOMER_ID" INTEGER,
	"PASSWORD" VARCHAR(20) NOT NULL,
	"USER_ID" INTEGER NOT NULL,
	"LOGIN" VARCHAR(20) NOT NULL
);
CREATE TABLE "VIDEO" (
	"MOVIE_ID" INTEGER NOT NULL,
	"RENTAL_TERMS_ID" INTEGER NOT NULL,
	"VIDEO_ID" INTEGER NOT NULL
);
COMMIT;

INSERT INTO "FEE_TYPE"("FEE_TYPE", "ENABLED", "FEE_TYPE_ID", "ORDER_BY") VALUES ('Rent', 1, 1, 1);
INSERT INTO "FEE_TYPE"("FEE_TYPE", "ENABLED", "FEE_TYPE_ID", "ORDER_BY") VALUES ('Late', 1, 2, 2);
commit;

INSERT INTO "RENTAL_TERMS"("RENTAL_TERM_ID", "NAME", "CHECK_OUT_LENGTH", "COST", "DEPOSIT_AMOUNT") VALUES (1, 'New release', 2, 3.99, 20);
INSERT INTO "RENTAL_TERMS"("RENTAL_TERM_ID", "NAME", "CHECK_OUT_LENGTH", "COST", "DEPOSIT_AMOUNT") VALUES (10, '16 Bits game console', 2, 14.99, 200);
INSERT INTO "RENTAL_TERMS"("RENTAL_TERM_ID", "NAME", "CHECK_OUT_LENGTH", "COST", "DEPOSIT_AMOUNT") VALUES (11, 'Video games', 3, 4.99, 50);
INSERT INTO "RENTAL_TERMS"("RENTAL_TERM_ID", "NAME", "CHECK_OUT_LENGTH", "COST", "DEPOSIT_AMOUNT") VALUES (13, 'Economy', 5, 2.99, 20);
INSERT INTO "RENTAL_TERMS"("RENTAL_TERM_ID", "NAME", "CHECK_OUT_LENGTH", "COST", "DEPOSIT_AMOUNT") VALUES (14, '32 Bits game console', 3, 19.99, 300);
commit;

INSERT INTO "RENTAL"("DATE_OUT", "CUSTOMER_ID", "DATE_RETURNED", "UNIT_ID", "RENTAL_ID") VALUES (TIMESTAMP '1997-01-31 18:26:00.000', 9, NULL, 3, 4);
INSERT INTO "RENTAL"("DATE_OUT", "CUSTOMER_ID", "DATE_RETURNED", "UNIT_ID", "RENTAL_ID") VALUES (TIMESTAMP '1997-02-18 19:08:00.000', 2, NULL, 110, 7);
INSERT INTO "RENTAL"("DATE_OUT", "CUSTOMER_ID", "DATE_RETURNED", "UNIT_ID", "RENTAL_ID") VALUES (TIMESTAMP '1997-02-14 19:07:00.000', 2, NULL, 115, 5);
INSERT INTO "RENTAL"("DATE_OUT", "CUSTOMER_ID", "DATE_RETURNED", "UNIT_ID", "RENTAL_ID") VALUES (TIMESTAMP '1997-02-17 19:07:00.000', 2, NULL, 43, 6);
INSERT INTO "RENTAL"("DATE_OUT", "CUSTOMER_ID", "DATE_RETURNED", "UNIT_ID", "RENTAL_ID") VALUES (TIMESTAMP '1997-01-24 23:39:00.000', 7, NULL, 46, 8);
commit;

INSERT INTO "UNIT"("NOTES", "DATE_ACQUIRED", "VIDEO_ID", "UNIT_ID") VALUES (NULL, TIMESTAMP '1996-01-05 12:00:00.000', 1, 3);
INSERT INTO "UNIT"("NOTES", "DATE_ACQUIRED", "VIDEO_ID", "UNIT_ID") VALUES (NULL, TIMESTAMP '1996-01-05 12:00:00.000', 1, 43);
INSERT INTO "UNIT"("NOTES", "DATE_ACQUIRED", "VIDEO_ID", "UNIT_ID") VALUES (NULL, TIMESTAMP '1996-01-05 12:00:00.000', 1, 46);
INSERT INTO "UNIT"("NOTES", "DATE_ACQUIRED", "VIDEO_ID", "UNIT_ID") VALUES (NULL, TIMESTAMP '1996-01-05 12:00:00.000', 1, 28);
INSERT INTO "UNIT"("NOTES", "DATE_ACQUIRED", "VIDEO_ID", "UNIT_ID") VALUES (NULL, TIMESTAMP '1996-01-05 12:00:00.000', 1, 29);
INSERT INTO "UNIT"("NOTES", "DATE_ACQUIRED", "VIDEO_ID", "UNIT_ID") VALUES (NULL, TIMESTAMP '1996-01-05 12:00:00.000', 1, 26);
INSERT INTO "UNIT"("NOTES", "DATE_ACQUIRED", "VIDEO_ID", "UNIT_ID") VALUES (NULL, TIMESTAMP '1996-01-05 12:00:00.000', 7, 35);
INSERT INTO "UNIT"("NOTES", "DATE_ACQUIRED", "VIDEO_ID", "UNIT_ID") VALUES (NULL, TIMESTAMP '1996-01-05 12:00:00.000', 7, 36);
INSERT INTO "UNIT"("NOTES", "DATE_ACQUIRED", "VIDEO_ID", "UNIT_ID") VALUES (NULL, TIMESTAMP '1996-01-05 12:00:00.000', 8, 37);
INSERT INTO "UNIT"("NOTES", "DATE_ACQUIRED", "VIDEO_ID", "UNIT_ID") VALUES (NULL, TIMESTAMP '1995-01-06 12:00:00.000', 14, 47);
INSERT INTO "UNIT"("NOTES", "DATE_ACQUIRED", "VIDEO_ID", "UNIT_ID") VALUES (NULL, TIMESTAMP '1996-01-10 22:48:00.000', 14, 88);
INSERT INTO "UNIT"("NOTES", "DATE_ACQUIRED", "VIDEO_ID", "UNIT_ID") VALUES (NULL, TIMESTAMP '1990-01-06 12:00:00.000', 15, 48);
INSERT INTO "UNIT"("NOTES", "DATE_ACQUIRED", "VIDEO_ID", "UNIT_ID") VALUES (NULL, TIMESTAMP '1991-01-06 12:00:00.000', 16, 50);
INSERT INTO "UNIT"("NOTES", "DATE_ACQUIRED", "VIDEO_ID", "UNIT_ID") VALUES (NULL, TIMESTAMP '1992-01-06 12:00:00.000', 16, 49);
INSERT INTO "UNIT"("NOTES", "DATE_ACQUIRED", "VIDEO_ID", "UNIT_ID") VALUES (NULL, TIMESTAMP '1982-01-06 12:00:00.000', 17, 54);
INSERT INTO "UNIT"("NOTES", "DATE_ACQUIRED", "VIDEO_ID", "UNIT_ID") VALUES (NULL, TIMESTAMP '1982-01-06 12:00:00.000', 17, 52);
INSERT INTO "UNIT"("NOTES", "DATE_ACQUIRED", "VIDEO_ID", "UNIT_ID") VALUES (NULL, TIMESTAMP '1995-01-06 12:00:00.000', 18, 53);
INSERT INTO "UNIT"("NOTES", "DATE_ACQUIRED", "VIDEO_ID", "UNIT_ID") VALUES (NULL, TIMESTAMP '1994-01-06 12:00:00.000', 18, 51);
INSERT INTO "UNIT"("NOTES", "DATE_ACQUIRED", "VIDEO_ID", "UNIT_ID") VALUES (NULL, TIMESTAMP '1991-01-06 12:00:00.000', 19, 57);
INSERT INTO "UNIT"("NOTES", "DATE_ACQUIRED", "VIDEO_ID", "UNIT_ID") VALUES (NULL, TIMESTAMP '1991-01-06 12:00:00.000', 19, 56);
INSERT INTO "UNIT"("NOTES", "DATE_ACQUIRED", "VIDEO_ID", "UNIT_ID") VALUES (NULL, TIMESTAMP '1991-01-06 12:00:00.000', 19, 55);
INSERT INTO "UNIT"("NOTES", "DATE_ACQUIRED", "VIDEO_ID", "UNIT_ID") VALUES (NULL, TIMESTAMP '1981-01-06 12:00:00.000', 20, 61);
INSERT INTO "UNIT"("NOTES", "DATE_ACQUIRED", "VIDEO_ID", "UNIT_ID") VALUES (NULL, TIMESTAMP '1981-01-06 12:00:00.000', 20, 60);
INSERT INTO "UNIT"("NOTES", "DATE_ACQUIRED", "VIDEO_ID", "UNIT_ID") VALUES (NULL, TIMESTAMP '1981-01-06 12:00:00.000', 20, 58);
INSERT INTO "UNIT"("NOTES", "DATE_ACQUIRED", "VIDEO_ID", "UNIT_ID") VALUES (NULL, TIMESTAMP '1981-01-06 12:00:00.000', 20, 59);
INSERT INTO "UNIT"("NOTES", "DATE_ACQUIRED", "VIDEO_ID", "UNIT_ID") VALUES (NULL, TIMESTAMP '1989-01-06 12:00:00.000', 21, 62);
INSERT INTO "UNIT"("NOTES", "DATE_ACQUIRED", "VIDEO_ID", "UNIT_ID") VALUES (NULL, TIMESTAMP '1979-01-06 12:00:00.000', 24, 63);
INSERT INTO "UNIT"("NOTES", "DATE_ACQUIRED", "VIDEO_ID", "UNIT_ID") VALUES (NULL, TIMESTAMP '1996-01-15 13:22:00.000', 24, 121);
INSERT INTO "UNIT"("NOTES", "DATE_ACQUIRED", "VIDEO_ID", "UNIT_ID") VALUES (NULL, TIMESTAMP '1996-01-17 13:46:00.000', 24, 124);
INSERT INTO "UNIT"("NOTES", "DATE_ACQUIRED", "VIDEO_ID", "UNIT_ID") VALUES (NULL, TIMESTAMP '1996-01-20 16:35:00.000', 24, 125);
INSERT INTO "UNIT"("NOTES", "DATE_ACQUIRED", "VIDEO_ID", "UNIT_ID") VALUES (NULL, TIMESTAMP '1996-01-08 18:47:00.000', 32, 82);
INSERT INTO "UNIT"("NOTES", "DATE_ACQUIRED", "VIDEO_ID", "UNIT_ID") VALUES (NULL, TIMESTAMP '1996-01-08 18:47:00.000', 32, 83);
INSERT INTO "UNIT"("NOTES", "DATE_ACQUIRED", "VIDEO_ID", "UNIT_ID") VALUES (NULL, TIMESTAMP '1996-01-08 18:47:00.000', 32, 81);
INSERT INTO "UNIT"("NOTES", "DATE_ACQUIRED", "VIDEO_ID", "UNIT_ID") VALUES (NULL, TIMESTAMP '1996-01-10 22:53:00.000', 35, 91);
INSERT INTO "UNIT"("NOTES", "DATE_ACQUIRED", "VIDEO_ID", "UNIT_ID") VALUES (NULL, TIMESTAMP '1996-01-10 22:53:00.000', 35, 90);
INSERT INTO "UNIT"("NOTES", "DATE_ACQUIRED", "VIDEO_ID", "UNIT_ID") VALUES ('slightly warped', TIMESTAMP '1996-01-11 01:29:00.000', 43, 94);
INSERT INTO "UNIT"("NOTES", "DATE_ACQUIRED", "VIDEO_ID", "UNIT_ID") VALUES (NULL, TIMESTAMP '1996-01-11 01:29:00.000', 43, 97);
INSERT INTO "UNIT"("NOTES", "DATE_ACQUIRED", "VIDEO_ID", "UNIT_ID") VALUES ('needs to be replaced', TIMESTAMP '1996-01-11 01:32:00.000', 44, 92);
INSERT INTO "UNIT"("NOTES", "DATE_ACQUIRED", "VIDEO_ID", "UNIT_ID") VALUES (NULL, TIMESTAMP '1996-01-11 01:33:00.000', 41, 96);
INSERT INTO "UNIT"("NOTES", "DATE_ACQUIRED", "VIDEO_ID", "UNIT_ID") VALUES (NULL, TIMESTAMP '1996-01-11 01:31:00.000', 39, 95);
INSERT INTO "UNIT"("NOTES", "DATE_ACQUIRED", "VIDEO_ID", "UNIT_ID") VALUES (NULL, TIMESTAMP '1996-01-11 01:30:00.000', 40, 99);
INSERT INTO "UNIT"("NOTES", "DATE_ACQUIRED", "VIDEO_ID", "UNIT_ID") VALUES (NULL, TIMESTAMP '1996-01-11 01:25:00.000', 38, 93);
INSERT INTO "UNIT"("NOTES", "DATE_ACQUIRED", "VIDEO_ID", "UNIT_ID") VALUES (NULL, TIMESTAMP '1996-01-11 01:39:00.000', 54, 109);
INSERT INTO "UNIT"("NOTES", "DATE_ACQUIRED", "VIDEO_ID", "UNIT_ID") VALUES ('needs to be cleaned', TIMESTAMP '1996-01-11 01:39:00.000', 54, 106);
INSERT INTO "UNIT"("NOTES", "DATE_ACQUIRED", "VIDEO_ID", "UNIT_ID") VALUES (NULL, TIMESTAMP '1996-01-11 01:39:00.000', 54, 107);
INSERT INTO "UNIT"("NOTES", "DATE_ACQUIRED", "VIDEO_ID", "UNIT_ID") VALUES (NULL, TIMESTAMP '1996-01-11 01:39:00.000', 54, 101);
INSERT INTO "UNIT"("NOTES", "DATE_ACQUIRED", "VIDEO_ID", "UNIT_ID") VALUES (NULL, TIMESTAMP '1996-01-11 01:43:00.000', 51, 115);
INSERT INTO "UNIT"("NOTES", "DATE_ACQUIRED", "VIDEO_ID", "UNIT_ID") VALUES (NULL, TIMESTAMP '1996-01-11 01:43:00.000', 51, 112);
INSERT INTO "UNIT"("NOTES", "DATE_ACQUIRED", "VIDEO_ID", "UNIT_ID") VALUES (NULL, TIMESTAMP '1996-01-11 01:35:00.000', 53, 108);
INSERT INTO "UNIT"("NOTES", "DATE_ACQUIRED", "VIDEO_ID", "UNIT_ID") VALUES ('needs to be replaced', TIMESTAMP '1996-01-11 01:41:00.000', 50, 104);
INSERT INTO "UNIT"("NOTES", "DATE_ACQUIRED", "VIDEO_ID", "UNIT_ID") VALUES (NULL, TIMESTAMP '1996-01-11 01:38:00.000', 49, 118);
INSERT INTO "UNIT"("NOTES", "DATE_ACQUIRED", "VIDEO_ID", "UNIT_ID") VALUES (NULL, TIMESTAMP '1996-01-11 01:38:00.000', 49, 114);
INSERT INTO "UNIT"("NOTES", "DATE_ACQUIRED", "VIDEO_ID", "UNIT_ID") VALUES ('cover is stained', TIMESTAMP '1996-01-11 01:38:00.000', 49, 105);
INSERT INTO "UNIT"("NOTES", "DATE_ACQUIRED", "VIDEO_ID", "UNIT_ID") VALUES (NULL, TIMESTAMP '1996-01-11 01:38:00.000', 49, 103);
INSERT INTO "UNIT"("NOTES", "DATE_ACQUIRED", "VIDEO_ID", "UNIT_ID") VALUES (NULL, TIMESTAMP '1996-01-11 01:38:00.000', 49, 102);
INSERT INTO "UNIT"("NOTES", "DATE_ACQUIRED", "VIDEO_ID", "UNIT_ID") VALUES (NULL, TIMESTAMP '1996-01-11 01:40:00.000', 48, 100);
INSERT INTO "UNIT"("NOTES", "DATE_ACQUIRED", "VIDEO_ID", "UNIT_ID") VALUES ('slightly damaged', TIMESTAMP '1996-01-11 01:40:00.000', 47, 113);
INSERT INTO "UNIT"("NOTES", "DATE_ACQUIRED", "VIDEO_ID", "UNIT_ID") VALUES (NULL, TIMESTAMP '1996-01-11 01:40:00.000', 47, 110);
INSERT INTO "UNIT"("NOTES", "DATE_ACQUIRED", "VIDEO_ID", "UNIT_ID") VALUES ('needs to be cleaned', TIMESTAMP '1996-01-11 01:37:00.000', 45, 117);
INSERT INTO "UNIT"("NOTES", "DATE_ACQUIRED", "VIDEO_ID", "UNIT_ID") VALUES ('torn cover', TIMESTAMP '1996-01-12 23:04:00.000', 55, 119);
INSERT INTO "UNIT"("NOTES", "DATE_ACQUIRED", "VIDEO_ID", "UNIT_ID") VALUES (NULL, TIMESTAMP '1996-01-12 23:04:00.000', 55, 120);
INSERT INTO "UNIT"("NOTES", "DATE_ACQUIRED", "VIDEO_ID", "UNIT_ID") VALUES (NULL, TIMESTAMP '1996-01-15 19:09:00.000', 64, 123);
INSERT INTO "UNIT"("NOTES", "DATE_ACQUIRED", "VIDEO_ID", "UNIT_ID") VALUES (NULL, TIMESTAMP '1996-01-15 19:09:00.000', 64, 122);
commit;

INSERT INTO "FEE"("AMOUNT", "FEE_ID", "DATE_PAID", "FEE_TYPE_ID", "RENTAL_ID") VALUES (14.99, 4, TIMESTAMP '1996-01-22 18:28:00.000', 1, 4);
INSERT INTO "FEE"("AMOUNT", "FEE_ID", "DATE_PAID", "FEE_TYPE_ID", "RENTAL_ID") VALUES (2.99, 5, TIMESTAMP '1996-01-24 19:08:00.000', 1, 5);
INSERT INTO "FEE"("AMOUNT", "FEE_ID", "DATE_PAID", "FEE_TYPE_ID", "RENTAL_ID") VALUES (4.99, 6, TIMESTAMP '1996-01-24 19:08:00.000', 1, 6);
INSERT INTO "FEE"("AMOUNT", "FEE_ID", "DATE_PAID", "FEE_TYPE_ID", "RENTAL_ID") VALUES (2.99, 7, TIMESTAMP '1996-01-24 19:08:00.000', 1, 7);
INSERT INTO "FEE"("AMOUNT", "FEE_ID", "DATE_PAID", "FEE_TYPE_ID", "RENTAL_ID") VALUES (4.99, 8, TIMESTAMP '1996-01-24 23:39:00.000', 1, 8);
commit;

INSERT INTO "CREDIT_CARD"("CUSTOMER_ID", "AUTHORIZATION_DATE", "CARD_NUMBER", "EXPIRATION_DATE", "CLIMIT", "AUTHORIZATION_NUM") VALUES (1, TIMESTAMP '1996-01-24 21:57:00.000', '1111000011110000', TIMESTAMP '1997-01-24 00:00:00.000', 150, '1111');
INSERT INTO "CREDIT_CARD"("CUSTOMER_ID", "AUTHORIZATION_DATE", "CARD_NUMBER", "EXPIRATION_DATE", "CLIMIT", "AUTHORIZATION_NUM") VALUES (2, TIMESTAMP '1996-01-24 22:01:00.000', '2222000022220000', TIMESTAMP '1996-10-24 00:00:00.000', 150, '2222');
INSERT INTO "CREDIT_CARD"("CUSTOMER_ID", "AUTHORIZATION_DATE", "CARD_NUMBER", "EXPIRATION_DATE", "CLIMIT", "AUTHORIZATION_NUM") VALUES (4, TIMESTAMP '1996-01-24 22:05:00.000', '4444000044440000', TIMESTAMP '1998-02-16 00:00:00.000', 150, '4444');
INSERT INTO "CREDIT_CARD"("CUSTOMER_ID", "AUTHORIZATION_DATE", "CARD_NUMBER", "EXPIRATION_DATE", "CLIMIT", "AUTHORIZATION_NUM") VALUES (5, TIMESTAMP '1996-01-24 22:03:00.000', '3333000033330000', TIMESTAMP '1998-01-01 00:00:00.000', 150, '3333');
INSERT INTO "CREDIT_CARD"("CUSTOMER_ID", "AUTHORIZATION_DATE", "CARD_NUMBER", "EXPIRATION_DATE", "CLIMIT", "AUTHORIZATION_NUM") VALUES (6, TIMESTAMP '1996-01-24 22:07:00.000', '5555000055550000', TIMESTAMP '1996-08-12 00:00:00.000', 150, '5555');
INSERT INTO "CREDIT_CARD"("CUSTOMER_ID", "AUTHORIZATION_DATE", "CARD_NUMBER", "EXPIRATION_DATE", "CLIMIT", "AUTHORIZATION_NUM") VALUES (15, TIMESTAMP '1996-01-24 22:07:00.000', '5555000055550000', TIMESTAMP '1996-08-12 00:00:00.000', 150, '5555');
INSERT INTO "CREDIT_CARD"("CUSTOMER_ID", "AUTHORIZATION_DATE", "CARD_NUMBER", "EXPIRATION_DATE", "CLIMIT", "AUTHORIZATION_NUM") VALUES (7, TIMESTAMP '1996-01-24 22:08:00.000', '6666000066660000', TIMESTAMP '1996-07-11 00:00:00.000', 150, '6666');
INSERT INTO "CREDIT_CARD"("CUSTOMER_ID", "AUTHORIZATION_DATE", "CARD_NUMBER", "EXPIRATION_DATE", "CLIMIT", "AUTHORIZATION_NUM") VALUES (16, TIMESTAMP '1996-01-24 22:08:00.000', '6666000066660000', TIMESTAMP '1996-07-11 00:00:00.000', 150, '6666');
INSERT INTO "CREDIT_CARD"("CUSTOMER_ID", "AUTHORIZATION_DATE", "CARD_NUMBER", "EXPIRATION_DATE", "CLIMIT", "AUTHORIZATION_NUM") VALUES (8, TIMESTAMP '1996-01-24 22:10:00.000', '7777000077770000', TIMESTAMP '1998-03-04 00:00:00.000', 150, '7777');
INSERT INTO "CREDIT_CARD"("CUSTOMER_ID", "AUTHORIZATION_DATE", "CARD_NUMBER", "EXPIRATION_DATE", "CLIMIT", "AUTHORIZATION_NUM") VALUES (9, TIMESTAMP '1996-01-24 22:12:00.000', '8888000088880000', TIMESTAMP '1997-06-03 00:00:00.000', 150, '8888');
INSERT INTO "CREDIT_CARD"("CUSTOMER_ID", "AUTHORIZATION_DATE", "CARD_NUMBER", "EXPIRATION_DATE", "CLIMIT", "AUTHORIZATION_NUM") VALUES (10, TIMESTAMP '1996-01-24 22:13:00.000', '9999000099990000', TIMESTAMP '1999-01-24 00:00:00.000', 150, '9999');
INSERT INTO "CREDIT_CARD"("CUSTOMER_ID", "AUTHORIZATION_DATE", "CARD_NUMBER", "EXPIRATION_DATE", "CLIMIT", "AUTHORIZATION_NUM") VALUES (11, TIMESTAMP '1996-01-24 22:15:00.000', '0000111100001111', TIMESTAMP '1997-01-03 00:00:00.000', 150, '0011');
INSERT INTO "CREDIT_CARD"("CUSTOMER_ID", "AUTHORIZATION_DATE", "CARD_NUMBER", "EXPIRATION_DATE", "CLIMIT", "AUTHORIZATION_NUM") VALUES (13, TIMESTAMP '1996-01-24 22:18:00.000', '0000333300003333', TIMESTAMP '2001-01-12 12:00:00.000', 150, '0033');
INSERT INTO "CREDIT_CARD"("CUSTOMER_ID", "AUTHORIZATION_DATE", "CARD_NUMBER", "EXPIRATION_DATE", "CLIMIT", "AUTHORIZATION_NUM") VALUES (14, TIMESTAMP '1996-01-24 22:19:00.000', '4444000044440000', TIMESTAMP '1999-11-05 00:00:00.000', 150, '0044');
INSERT INTO "CREDIT_CARD"("CUSTOMER_ID", "AUTHORIZATION_DATE", "CARD_NUMBER", "EXPIRATION_DATE", "CLIMIT", "AUTHORIZATION_NUM") VALUES (17, TIMESTAMP '1996-01-24 22:24:00.000', '7777000077770000', TIMESTAMP '1999-05-20 00:00:00.000', 150, '0077');
commit;

INSERT INTO "RENTALS_USER"("ACCESS_LEVEL", "CUSTOMER_ID", "PASSWORD", "LOGIN", "USER_ID") VALUES (1, NULL, 'admin', 'admin', 1);
INSERT INTO "RENTALS_USER"("ACCESS_LEVEL", "CUSTOMER_ID", "PASSWORD", "LOGIN", "USER_ID") VALUES (2, NULL, 'bob', 'bob', 2);
INSERT INTO "RENTALS_USER"("ACCESS_LEVEL", "CUSTOMER_ID", "PASSWORD", "LOGIN", "USER_ID") VALUES (2, NULL, 'alice', 'alice', 3);
INSERT INTO "RENTALS_USER"("ACCESS_LEVEL", "CUSTOMER_ID", "PASSWORD", "LOGIN", "USER_ID") VALUES (3, 10, 'ringle', 'ringle', 4);
INSERT INTO "RENTALS_USER"("ACCESS_LEVEL", "CUSTOMER_ID", "PASSWORD", "LOGIN", "USER_ID") VALUES (3, 2, 'jboyles', 'jboyles', 5);
INSERT INTO "RENTALS_USER"("ACCESS_LEVEL", "CUSTOMER_ID", "PASSWORD", "LOGIN", "USER_ID") VALUES (3, 17, 'lstark', 'lstark', 6);
commit;

INSERT INTO "VIDEO"("VIDEO_ID", "MOVIE_ID", "RENTAL_TERMS_ID") VALUES (1, 121, 13);
INSERT INTO "VIDEO"("VIDEO_ID", "MOVIE_ID", "RENTAL_TERMS_ID") VALUES (7, 120, 13);
INSERT INTO "VIDEO"("VIDEO_ID", "MOVIE_ID", "RENTAL_TERMS_ID") VALUES (8, 118, 13);
INSERT INTO "VIDEO"("VIDEO_ID", "MOVIE_ID", "RENTAL_TERMS_ID") VALUES (14, 158, 1);
INSERT INTO "VIDEO"("VIDEO_ID", "MOVIE_ID", "RENTAL_TERMS_ID") VALUES (15, 128, 13);
INSERT INTO "VIDEO"("VIDEO_ID", "MOVIE_ID", "RENTAL_TERMS_ID") VALUES (16, 131, 13);
INSERT INTO "VIDEO"("VIDEO_ID", "MOVIE_ID", "RENTAL_TERMS_ID") VALUES (17, 115, 13);
INSERT INTO "VIDEO"("VIDEO_ID", "MOVIE_ID", "RENTAL_TERMS_ID") VALUES (18, 132, 13);
INSERT INTO "VIDEO"("VIDEO_ID", "MOVIE_ID", "RENTAL_TERMS_ID") VALUES (19, 142, 13);
INSERT INTO "VIDEO"("VIDEO_ID", "MOVIE_ID", "RENTAL_TERMS_ID") VALUES (20, 198, 13);
INSERT INTO "VIDEO"("VIDEO_ID", "MOVIE_ID", "RENTAL_TERMS_ID") VALUES (21, 144, 13);
INSERT INTO "VIDEO"("VIDEO_ID", "MOVIE_ID", "RENTAL_TERMS_ID") VALUES (24, 159, 13);
INSERT INTO "VIDEO"("VIDEO_ID", "MOVIE_ID", "RENTAL_TERMS_ID") VALUES (32, 102, 1);
INSERT INTO "VIDEO"("VIDEO_ID", "MOVIE_ID", "RENTAL_TERMS_ID") VALUES (35, 114, 13);
INSERT INTO "VIDEO"("VIDEO_ID", "MOVIE_ID", "RENTAL_TERMS_ID") VALUES (43, 146, 13);
INSERT INTO "VIDEO"("VIDEO_ID", "MOVIE_ID", "RENTAL_TERMS_ID") VALUES (44, 175, 1);
INSERT INTO "VIDEO"("VIDEO_ID", "MOVIE_ID", "RENTAL_TERMS_ID") VALUES (41, 171, 13);
INSERT INTO "VIDEO"("VIDEO_ID", "MOVIE_ID", "RENTAL_TERMS_ID") VALUES (39, 186, 13);
INSERT INTO "VIDEO"("VIDEO_ID", "MOVIE_ID", "RENTAL_TERMS_ID") VALUES (40, 190, 13);
INSERT INTO "VIDEO"("VIDEO_ID", "MOVIE_ID", "RENTAL_TERMS_ID") VALUES (38, 179, 13);
INSERT INTO "VIDEO"("VIDEO_ID", "MOVIE_ID", "RENTAL_TERMS_ID") VALUES (54, 169, 1);
INSERT INTO "VIDEO"("VIDEO_ID", "MOVIE_ID", "RENTAL_TERMS_ID") VALUES (51, 180, 13);
INSERT INTO "VIDEO"("VIDEO_ID", "MOVIE_ID", "RENTAL_TERMS_ID") VALUES (53, 203, 13);
INSERT INTO "VIDEO"("VIDEO_ID", "MOVIE_ID", "RENTAL_TERMS_ID") VALUES (50, 162, 13);
INSERT INTO "VIDEO"("VIDEO_ID", "MOVIE_ID", "RENTAL_TERMS_ID") VALUES (49, 164, 1);
INSERT INTO "VIDEO"("VIDEO_ID", "MOVIE_ID", "RENTAL_TERMS_ID") VALUES (48, 185, 13);
INSERT INTO "VIDEO"("VIDEO_ID", "MOVIE_ID", "RENTAL_TERMS_ID") VALUES (47, 187, 13);
INSERT INTO "VIDEO"("VIDEO_ID", "MOVIE_ID", "RENTAL_TERMS_ID") VALUES (45, 188, 13);
INSERT INTO "VIDEO"("VIDEO_ID", "MOVIE_ID", "RENTAL_TERMS_ID") VALUES (55, 135, 13);
INSERT INTO "VIDEO"("VIDEO_ID", "MOVIE_ID", "RENTAL_TERMS_ID") VALUES (64, 111, 1);
commit;

INSERT INTO "CUSTOMER"("MEMBER_SINCE", "LAST_NAME", "STREET_ADDRESS", "FIRST_NAME", "CUSTOMER_ID", "CITY", "ZIP", "PHONE", "STATE") VALUES (TIMESTAMP '1996-01-24 21:55:00.000', 'Anthony', '200 Arroyo Drive', 'William', 1, 'San Francisco', '94567', '4155552525', 'CA');
INSERT INTO "CUSTOMER"("MEMBER_SINCE", "LAST_NAME", "STREET_ADDRESS", "FIRST_NAME", "CUSTOMER_ID", "CITY", "ZIP", "PHONE", "STATE") VALUES (TIMESTAMP '1996-01-24 22:00:00.000', 'Boyles', '29 Timber Creek Drive', 'Joanne', 2, 'Menlo Park', '93211', '4155553636', 'CA');
INSERT INTO "CUSTOMER"("MEMBER_SINCE", "LAST_NAME", "STREET_ADDRESS", "FIRST_NAME", "CUSTOMER_ID", "CITY", "ZIP", "PHONE", "STATE") VALUES (TIMESTAMP '1996-01-24 22:02:00.000', 'Capra', '2777 North Capitol #26', 'Mark', 5, 'San Bruno', '98564', '4155558787', 'CA');
INSERT INTO "CUSTOMER"("MEMBER_SINCE", "LAST_NAME", "STREET_ADDRESS", "FIRST_NAME", "CUSTOMER_ID", "CITY", "ZIP", "PHONE", "STATE") VALUES (TIMESTAMP '1996-01-24 22:04:00.000', 'Drummber', '59 Fowler St.', 'Jerry', 4, 'San Francisco', '96857', '4155558989', 'CA');
INSERT INTO "CUSTOMER"("MEMBER_SINCE", "LAST_NAME", "STREET_ADDRESS", "FIRST_NAME", "CUSTOMER_ID", "CITY", "ZIP", "PHONE", "STATE") VALUES (TIMESTAMP '1996-01-24 22:07:00.000', 'Filmore', '39 Geary St.', 'Freddy', 7, 'San Francisco', '96321', '4155552426', 'CA');
INSERT INTO "CUSTOMER"("MEMBER_SINCE", "LAST_NAME", "STREET_ADDRESS", "FIRST_NAME", "CUSTOMER_ID", "CITY", "ZIP", "PHONE", "STATE") VALUES (TIMESTAMP '1996-01-24 22:06:00.000', 'Eyler', '150 Saratoga St.', 'Maria', 6, 'San Bruno', '99874', '4155557171', 'CA');
INSERT INTO "CUSTOMER"("MEMBER_SINCE", "LAST_NAME", "STREET_ADDRESS", "FIRST_NAME", "CUSTOMER_ID", "CITY", "ZIP", "PHONE", "STATE") VALUES (TIMESTAMP '1996-01-24 22:09:00.000', 'Grace', '555 Custer Ave.', 'Jamie', 8, 'Woodside', '97485', '4155556687', 'CA');
INSERT INTO "CUSTOMER"("MEMBER_SINCE", "LAST_NAME", "STREET_ADDRESS", "FIRST_NAME", "CUSTOMER_ID", "CITY", "ZIP", "PHONE", "STATE") VALUES (TIMESTAMP '1996-01-24 22:11:00.000', 'Hartnell', '67 Lazy River Way', 'Craig', 9, 'San Mateo', '91586', '4155559817', 'CA');
INSERT INTO "CUSTOMER"("MEMBER_SINCE", "LAST_NAME", "STREET_ADDRESS", "FIRST_NAME", "CUSTOMER_ID", "CITY", "ZIP", "PHONE", "STATE") VALUES (TIMESTAMP '1996-01-24 22:12:00.000', 'Ingle', '356 Sedgewood', 'Richard', 10, 'Hillsborough', '96487', '4155557428', 'CA');
INSERT INTO "CUSTOMER"("MEMBER_SINCE", "LAST_NAME", "STREET_ADDRESS", "FIRST_NAME", "CUSTOMER_ID", "CITY", "ZIP", "PHONE", "STATE") VALUES (TIMESTAMP '1996-01-24 22:14:00.000', 'Jeffers', '260 Forbes Lane', 'Julia', 11, 'San Francisco', '98612', '4155558875', 'CA');
INSERT INTO "CUSTOMER"("MEMBER_SINCE", "LAST_NAME", "STREET_ADDRESS", "FIRST_NAME", "CUSTOMER_ID", "CITY", "ZIP", "PHONE", "STATE") VALUES (TIMESTAMP '1996-01-24 22:17:00.000', 'Lewis', '44 Desertwood Circle', 'Franklin', 13, 'San Mateo', '97578', '4155556644', 'CA');
INSERT INTO "CUSTOMER"("MEMBER_SINCE", "LAST_NAME", "STREET_ADDRESS", "FIRST_NAME", "CUSTOMER_ID", "CITY", "ZIP", "PHONE", "STATE") VALUES (TIMESTAMP '1996-01-24 22:18:00.000', 'Mathews', '1 Main Street', 'Lisa', 14, 'Palo Alto', '94848', '4155554849', 'CA');
INSERT INTO "CUSTOMER"("MEMBER_SINCE", "LAST_NAME", "STREET_ADDRESS", "FIRST_NAME", "CUSTOMER_ID", "CITY", "ZIP", "PHONE", "STATE") VALUES (TIMESTAMP '1996-01-24 22:20:00.000', 'Nunez', '100 Union St.', 'Elliot', 15, 'San Francisco', '98787', '4155552581', 'CA');
INSERT INTO "CUSTOMER"("MEMBER_SINCE", "LAST_NAME", "STREET_ADDRESS", "FIRST_NAME", "CUSTOMER_ID", "CITY", "ZIP", "PHONE", "STATE") VALUES (TIMESTAMP '1996-01-24 22:22:00.000', 'Peters', '685 Almaden Road', 'Paul', 16, 'Woodside', '98758', '4155554789', 'CA');
INSERT INTO "CUSTOMER"("MEMBER_SINCE", "LAST_NAME", "STREET_ADDRESS", "FIRST_NAME", "CUSTOMER_ID", "CITY", "ZIP", "PHONE", "STATE") VALUES (TIMESTAMP '1996-01-24 22:23:00.000', 'Stark', '108 Melrose Ave', 'Linda', 17, 'Menlo Park', '93588', '4155553374', 'CA');
commit;

SET UNIQUE = 1000000 FOR "CREDIT_CARD";
SET UNIQUE = 1000000 FOR "CUSTOMER";
SET UNIQUE = 1000000 FOR "FEE";
SET UNIQUE = 1000000 FOR "FEE_TYPE";
SET UNIQUE = 1000000 FOR "RENTAL";
SET UNIQUE = 1000000 FOR "RENTAL_TERMS";
SET UNIQUE = 1000000 FOR "UNIT";
SET UNIQUE = 1000000 FOR "RENTALS_USER";
SET UNIQUE = 1000000 FOR "VIDEO";
ALTER TABLE "CREDIT_CARD" ADD PRIMARY KEY ("CUSTOMER_ID") NOT DEFERRABLE INITIALLY IMMEDIATE;
ALTER TABLE "CUSTOMER" ADD PRIMARY KEY ("CUSTOMER_ID") NOT DEFERRABLE INITIALLY IMMEDIATE;
ALTER TABLE "FEE" ADD PRIMARY KEY ("FEE_ID") NOT DEFERRABLE INITIALLY IMMEDIATE;
ALTER TABLE "FEE_TYPE" ADD PRIMARY KEY ("FEE_TYPE_ID") NOT DEFERRABLE INITIALLY IMMEDIATE;
ALTER TABLE "RENTAL" ADD PRIMARY KEY ("RENTAL_ID") NOT DEFERRABLE INITIALLY IMMEDIATE;
ALTER TABLE "RENTAL_TERMS" ADD PRIMARY KEY ("RENTAL_TERM_ID") NOT DEFERRABLE INITIALLY IMMEDIATE;
ALTER TABLE "UNIT" ADD PRIMARY KEY ("UNIT_ID") NOT DEFERRABLE INITIALLY IMMEDIATE;
ALTER TABLE "RENTALS_USER" ADD PRIMARY KEY ("USER_ID") NOT DEFERRABLE INITIALLY IMMEDIATE;
ALTER TABLE "VIDEO" ADD PRIMARY KEY ("VIDEO_ID") NOT DEFERRABLE INITIALLY IMMEDIATE;
ALTER TABLE "CREDIT_CARD" ADD FOREIGN KEY ("CUSTOMER_ID") REFERENCES "CUSTOMER" ("CUSTOMER_ID") DEFERRABLE INITIALLY DEFERRED;
ALTER TABLE "CUSTOMER" ADD FOREIGN KEY ("CUSTOMER_ID") REFERENCES "CREDIT_CARD" ("CUSTOMER_ID") DEFERRABLE INITIALLY DEFERRED;
ALTER TABLE "FEE" ADD FOREIGN KEY ("RENTAL_ID") REFERENCES "RENTAL" ("RENTAL_ID") DEFERRABLE INITIALLY DEFERRED;
ALTER TABLE "FEE" ADD FOREIGN KEY ("FEE_TYPE_ID") REFERENCES "FEE_TYPE" ("FEE_TYPE_ID") DEFERRABLE INITIALLY DEFERRED;
ALTER TABLE "RENTAL" ADD FOREIGN KEY ("UNIT_ID") REFERENCES "UNIT" ("UNIT_ID") DEFERRABLE INITIALLY DEFERRED;
ALTER TABLE "RENTAL" ADD FOREIGN KEY ("CUSTOMER_ID") REFERENCES "CUSTOMER" ("CUSTOMER_ID") DEFERRABLE INITIALLY DEFERRED;
ALTER TABLE "UNIT" ADD FOREIGN KEY ("VIDEO_ID") REFERENCES "VIDEO" ("VIDEO_ID") DEFERRABLE INITIALLY DEFERRED;
ALTER TABLE "RENTALS_USER" ADD FOREIGN KEY ("CUSTOMER_ID") REFERENCES "CUSTOMER" ("CUSTOMER_ID") DEFERRABLE INITIALLY DEFERRED;
ALTER TABLE "VIDEO" ADD FOREIGN KEY ("RENTAL_TERMS_ID") REFERENCES "RENTAL_TERMS" ("RENTAL_TERM_ID") DEFERRABLE INITIALLY DEFERRED;
COMMIT;
</PRE></BODY></HTML>
