# Sequel Pro dump
# Version 2492
# http://code.google.com/p/sequel-pro
#
# Host: 127.0.0.1 (MySQL 5.1.44)
# Database: WOMovies
# Generation Time: 2011-06-14 15:48:49 +0200
# ************************************************************

/*!40101 SET @OLD_CHARACTER_SET_CLIENT=@@CHARACTER_SET_CLIENT */;
/*!40101 SET @OLD_CHARACTER_SET_RESULTS=@@CHARACTER_SET_RESULTS */;
/*!40101 SET @OLD_COLLATION_CONNECTION=@@COLLATION_CONNECTION */;
/*!40101 SET NAMES utf8 */;
/*!40014 SET @OLD_UNIQUE_CHECKS=@@UNIQUE_CHECKS, UNIQUE_CHECKS=0 */;
/*!40014 SET @OLD_FOREIGN_KEY_CHECKS=@@FOREIGN_KEY_CHECKS, FOREIGN_KEY_CHECKS=0 */;
/*!40101 SET @OLD_SQL_MODE=@@SQL_MODE, SQL_MODE='NO_AUTO_VALUE_ON_ZERO' */;
/*!40111 SET @OLD_SQL_NOTES=@@SQL_NOTES, SQL_NOTES=0 */;


# Dump of table CREDIT_CARD
# ------------------------------------------------------------

DROP TABLE IF EXISTS `CREDIT_CARD`;

CREATE TABLE `CREDIT_CARD` (
  `AUTHORIZATION_DATE` datetime NOT NULL,
  `AUTHORIZATION_NUM` char(10) NOT NULL,
  `CARD_NUMBER` char(25) NOT NULL,
  `CUSTOMER_ID` int(11) NOT NULL,
  `EXPIRATION_DATE` datetime NOT NULL,
  `CLIMIT` decimal(15,2) NOT NULL
) ENGINE=MyISAM DEFAULT CHARSET=utf8;

LOCK TABLES `CREDIT_CARD` WRITE;
/*!40000 ALTER TABLE `CREDIT_CARD` DISABLE KEYS */;
INSERT INTO `CREDIT_CARD` (`AUTHORIZATION_DATE`,`AUTHORIZATION_NUM`,`CARD_NUMBER`,`CUSTOMER_ID`,`EXPIRATION_DATE`,`CLIMIT`)
VALUES
	('1996-01-25 05:57:00','1111','1111000011110000',1,'1997-01-24 08:00:00',150.00),
	('1996-01-25 06:01:00','2222','2222000022220000',2,'1996-10-24 07:00:00',150.00),
	('1996-01-25 06:05:00','4444','4444000044440000',4,'1998-02-16 08:00:00',150.00),
	('1996-01-25 06:03:00','3333','3333000033330000',5,'1998-01-01 08:00:00',150.00),
	('1996-01-25 06:07:00','5555','5555000055550000',6,'1996-08-12 07:00:00',150.00),
	('1996-01-25 06:07:00','5555','5555000055550000',15,'1996-08-12 07:00:00',150.00),
	('1996-01-25 06:08:00','6666','6666000066660000',7,'1996-07-11 07:00:00',150.00),
	('1996-01-25 06:08:00','6666','6666000066660000',16,'1996-07-11 07:00:00',150.00),
	('1996-01-25 06:10:00','7777','7777000077770000',8,'1998-03-04 08:00:00',150.00),
	('1996-01-25 06:12:00','8888','8888000088880000',9,'1997-06-03 07:00:00',150.00),
	('1996-01-25 06:13:00','9999','9999000099990000',10,'1999-01-24 08:00:00',150.00),
	('1996-01-25 06:15:00','0011','0000111100001111',11,'1997-01-03 08:00:00',150.00),
	('1996-01-25 06:18:00','0033','0000333300003333',13,'2001-01-12 20:00:00',150.00),
	('1996-01-25 06:19:00','0044','4444000044440000',14,'1999-11-05 08:00:00',150.00),
	('1996-01-25 06:24:00','0077','7777000077770000',17,'1999-05-20 07:00:00',150.00);

/*!40000 ALTER TABLE `CREDIT_CARD` ENABLE KEYS */;
UNLOCK TABLES;


# Dump of table CUSTOMER
# ------------------------------------------------------------

DROP TABLE IF EXISTS `CUSTOMER`;

CREATE TABLE `CUSTOMER` (
  `CITY` char(20) NOT NULL,
  `CUSTOMER_ID` int(11) NOT NULL,
  `FIRST_NAME` char(20) NOT NULL,
  `LAST_NAME` char(30) NOT NULL,
  `MEMBER_SINCE` datetime DEFAULT NULL,
  `PHONE` char(10) DEFAULT NULL,
  `STATE` char(2) DEFAULT NULL,
  `STREET_ADDRESS` char(50) DEFAULT NULL,
  `ZIP` char(10) DEFAULT NULL,
  PRIMARY KEY (`CUSTOMER_ID`)
) ENGINE=MyISAM DEFAULT CHARSET=utf8;

LOCK TABLES `CUSTOMER` WRITE;
/*!40000 ALTER TABLE `CUSTOMER` DISABLE KEYS */;
INSERT INTO `CUSTOMER` (`CITY`,`CUSTOMER_ID`,`FIRST_NAME`,`LAST_NAME`,`MEMBER_SINCE`,`PHONE`,`STATE`,`STREET_ADDRESS`,`ZIP`)
VALUES
	('San Francisco',1,'William','Anthony','1996-01-25 05:55:00','4155552525','CA','200 Arroyo Drive','94567'),
	('Menlo Park',2,'Joanne','Boyles','1996-01-25 06:00:00','4155553636','CA','29 Timber Creek Drive','93211'),
	('San Bruno',5,'Mark','Capra','1996-01-25 06:02:00','4155558787','CA','2777 North Capitol #26','98564'),
	('San Francisco',4,'Jerry','Drummber','1996-01-25 06:04:00','4155558989','CA','59 Fowler St.','96857'),
	('San Francisco',7,'Freddy','Filmore','1996-01-25 06:07:00','4155552426','CA','9 Geary St.','96321'),
	('San Bruno',6,'Maria','Eyler','1996-01-25 06:06:00','4155557171','CA','150 Saratoga St.','99874'),
	('Woodside',8,'Jamie','Grace','1996-01-25 06:09:00','4155556687','CA','555 Custer Ave.','97485'),
	('San Mateo',9,'Craig','Hartnell','1996-01-25 06:11:00','4155559817','CA','67 Lazy River Way','91586'),
	('Hillsborough',10,'Richard','Ingle','1996-01-25 06:12:00','4155557428','CA','56 Sedgewood','96487'),
	('San Francisco',11,'Julia','Jeffers','1996-01-25 06:14:00','4155558875','CA','260 Forbes Lane','98612'),
	('San Mateo',13,'Franklin','Lewis','1996-01-25 06:17:00','4155556644','CA','44 Desertwood Circle','97578'),
	('Palo Alto',14,'Lisa','Mathews','1996-01-25 06:18:00','4155554849','CA','1 Main Street','94848'),
	('San Francisco',15,'Elliot','Nunez','1996-01-25 06:20:00','4155552581','CA','100 Union St.','98787'),
	('Woodside',16,'Paul','Peters','1996-01-25 06:22:00','4155554789','CA','685 Almaden Road','98758'),
	('Menlo Park',17,'Linda','Stark','1996-01-25 06:23:00','4155553374','CA','108 Melrose Ave','93588');

/*!40000 ALTER TABLE `CUSTOMER` ENABLE KEYS */;
UNLOCK TABLES;


# Dump of table DIRECTOR
# ------------------------------------------------------------

DROP TABLE IF EXISTS `DIRECTOR`;

CREATE TABLE `DIRECTOR` (
  `MOVIE_ID` int(9) NOT NULL,
  `TALENT_ID` int(9) NOT NULL
) ENGINE=MyISAM DEFAULT CHARSET=utf8;

LOCK TABLES `DIRECTOR` WRITE;
/*!40000 ALTER TABLE `DIRECTOR` DISABLE KEYS */;
INSERT INTO `DIRECTOR` (`MOVIE_ID`,`TALENT_ID`)
VALUES
	(101,88),
	(103,91),
	(111,99),
	(113,107),
	(114,109),
	(115,114),
	(118,117),
	(118,118),
	(119,127),
	(120,138),
	(121,151),
	(121,156),
	(124,165),
	(125,164),
	(126,207),
	(127,210),
	(128,216),
	(129,33),
	(129,218),
	(130,228),
	(131,232),
	(132,237),
	(133,237),
	(135,91),
	(136,251),
	(137,251),
	(138,218),
	(140,277),
	(141,251),
	(142,285),
	(143,0),
	(144,8),
	(145,10),
	(146,15),
	(147,20),
	(148,27),
	(149,32),
	(150,216),
	(151,43),
	(152,49),
	(153,60),
	(154,63),
	(157,49),
	(158,97),
	(159,15),
	(160,407),
	(162,421),
	(164,426),
	(165,432),
	(166,435),
	(169,435),
	(170,0),
	(171,454),
	(172,457),
	(174,464),
	(175,554),
	(176,49),
	(177,479),
	(178,482),
	(179,484),
	(180,491),
	(181,494),
	(182,457),
	(183,501),
	(184,504),
	(185,508),
	(186,508),
	(187,15),
	(188,522),
	(189,527),
	(190,482),
	(191,457),
	(192,534),
	(193,285),
	(194,543),
	(196,552),
	(197,557),
	(198,553),
	(199,560),
	(200,563),
	(203,574),
	(205,590),
	(205,593),
	(205,623),
	(206,593),
	(206,596),
	(207,593),
	(207,617),
	(215,627),
	(101,88),
	(103,91),
	(111,99),
	(113,107),
	(114,109),
	(115,114),
	(118,117),
	(118,118),
	(119,127),
	(120,138),
	(121,151),
	(121,156),
	(124,165),
	(125,164),
	(126,207),
	(127,210),
	(128,216),
	(129,33),
	(129,218),
	(130,228),
	(131,232),
	(132,237),
	(133,237),
	(135,91),
	(136,251),
	(137,251),
	(138,218),
	(140,277),
	(141,251),
	(142,285),
	(143,0),
	(144,8),
	(145,10),
	(146,15),
	(147,20),
	(148,27),
	(149,32),
	(150,216),
	(151,43),
	(152,49),
	(153,60),
	(154,63),
	(157,49),
	(158,97),
	(159,15),
	(160,407),
	(162,421),
	(164,426),
	(165,432),
	(166,435),
	(169,435),
	(170,0),
	(171,454),
	(172,457),
	(174,464),
	(175,554),
	(176,49),
	(177,479),
	(178,482),
	(179,484),
	(180,491),
	(181,494),
	(182,457),
	(183,501),
	(184,504),
	(185,508),
	(186,508),
	(187,15),
	(188,522),
	(189,527),
	(190,482),
	(191,457),
	(192,534),
	(193,285),
	(194,543),
	(196,552),
	(197,557),
	(198,553),
	(199,560),
	(200,563),
	(203,574),
	(205,590),
	(205,593),
	(205,623),
	(206,593),
	(206,596),
	(207,593),
	(207,617),
	(215,627);

/*!40000 ALTER TABLE `DIRECTOR` ENABLE KEYS */;
UNLOCK TABLES;


# Dump of table EO_PK_TABLE
# ------------------------------------------------------------

DROP TABLE IF EXISTS `EO_PK_TABLE`;

CREATE TABLE `EO_PK_TABLE` (
  `NAME` char(40) NOT NULL,
  `PK` int(11) DEFAULT NULL,
  PRIMARY KEY (`NAME`)
) ENGINE=MyISAM DEFAULT CHARSET=utf8;



# Dump of table FEE
# ------------------------------------------------------------

DROP TABLE IF EXISTS `FEE`;

CREATE TABLE `FEE` (
  `AMOUNT` decimal(15,2) NOT NULL,
  `DATE_PAID` datetime DEFAULT NULL,
  `FEE_ID` int(11) NOT NULL,
  `FEE_TYPE_ID` int(11) NOT NULL,
  `RENTAL_ID` int(11) NOT NULL
) ENGINE=MyISAM DEFAULT CHARSET=utf8;

LOCK TABLES `FEE` WRITE;
/*!40000 ALTER TABLE `FEE` DISABLE KEYS */;
INSERT INTO `FEE` (`AMOUNT`,`DATE_PAID`,`FEE_ID`,`FEE_TYPE_ID`,`RENTAL_ID`)
VALUES
	(14.99,'1996-01-23 02:28:00',4,1,4),
	(2.99,'1996-01-25 03:08:00',5,1,5),
	(4.99,'1996-01-25 03:08:00',6,1,6),
	(2.99,'1996-01-25 03:08:00',7,1,7),
	(4.99,'1996-01-25 07:39:00',8,1,8);

/*!40000 ALTER TABLE `FEE` ENABLE KEYS */;
UNLOCK TABLES;


# Dump of table FEE_TYPE
# ------------------------------------------------------------

DROP TABLE IF EXISTS `FEE_TYPE`;

CREATE TABLE `FEE_TYPE` (
  `ENABLED` int(11) NOT NULL,
  `FEE_TYPE` char(15) NOT NULL,
  `FEE_TYPE_ID` int(11) NOT NULL,
  `ORDER_BY` int(11) NOT NULL
) ENGINE=MyISAM DEFAULT CHARSET=utf8;

LOCK TABLES `FEE_TYPE` WRITE;
/*!40000 ALTER TABLE `FEE_TYPE` DISABLE KEYS */;
INSERT INTO `FEE_TYPE` (`ENABLED`,`FEE_TYPE`,`FEE_TYPE_ID`,`ORDER_BY`)
VALUES
	(1,'Rent',1,1),
	(1,'Late',2,2);

/*!40000 ALTER TABLE `FEE_TYPE` ENABLE KEYS */;
UNLOCK TABLES;


# Dump of table MOVIE
# ------------------------------------------------------------

DROP TABLE IF EXISTS `MOVIE`;

CREATE TABLE `MOVIE` (
  `CATEGORY` char(20) DEFAULT NULL,
  `DATE_RELEASED` datetime DEFAULT NULL,
  `MOVIE_ID` int(9) NOT NULL,
  `POSTER_NAME` char(255) DEFAULT NULL,
  `RATED` char(10) DEFAULT NULL,
  `REVENUE` double(10,2) DEFAULT NULL,
  `STUDIO_ID` int(11) DEFAULT NULL,
  `TITLE` char(255) NOT NULL,
  `TRAILER_NAME` char(255) DEFAULT NULL
) ENGINE=MyISAM DEFAULT CHARSET=utf8;

LOCK TABLES `MOVIE` WRITE;
/*!40000 ALTER TABLE `MOVIE` DISABLE KEYS */;
INSERT INTO `MOVIE` (`CATEGORY`,`DATE_RELEASED`,`MOVIE_ID`,`POSTER_NAME`,`RATED`,`REVENUE`,`STUDIO_ID`,`TITLE`,`TRAILER_NAME`)
VALUES
	('Drama','1994-03-12 07:00:00',154,NULL,'G',600000.00,11,'Little Women',NULL),
	('Action','1981-12-27 08:00:00',102,NULL,'G',14400000.00,7,'Raiders of the Lost Ark',NULL),
	('Film-noir','1931-12-28 20:00:00',113,NULL,'G',200000.00,11,'M',NULL),
	('Drama','1955-12-28 20:00:00',111,NULL,'G',11200000.00,9,'Casablanca',NULL),
	('Drama','1962-12-28 20:00:00',114,NULL,'PG',400000.00,7,'Lolita',NULL),
	('Western','1967-12-28 20:00:00',115,NULL,'PG',0.00,12,'Hombre',NULL),
	('Thriller','1954-01-02 20:00:00',119,NULL,NULL,200000.00,13,'Les Diaboliques',NULL),
	('Comedy','1982-01-02 20:00:00',120,NULL,NULL,NULL,7,'Le p',NULL),
	('Surreal','1991-01-02 20:00:00',121,NULL,'R',NULL,8,'D',NULL),
	('Surreal','1991-01-03 20:00:00',124,NULL,NULL,500000.00,7,'Bis ans Ende der Welt [Until the End of the World]',NULL),
	('Drama','1986-01-03 20:00:00',125,NULL,'PG',1200000.00,14,'Hoosiers',NULL),
	('Documentary','1994-01-03 20:00:00',126,NULL,'PG-13',600000.00,15,'Hoop Dreams',NULL),
	('Romantic','1990-01-03 20:00:00',127,NULL,NULL,NULL,9,'La discr',NULL),
	('Thriller','1988-01-03 20:00:00',128,NULL,'R',700000.00,43,'Frantic',NULL),
	('Thriller','1986-01-03 20:00:00',130,NULL,'R',900000.00,8,'Manhunter',NULL),
	('Action','1988-01-03 20:00:00',131,NULL,'R',1000000.00,16,'Midnight Run',NULL),
	('Film-noir','1994-01-03 20:00:00',132,NULL,'R',800000.00,18,'The Last Seduction',NULL),
	('Film-noir','1992-01-03 20:00:00',133,NULL,'R',700000.00,19,'Red Rock West',NULL),
	('Drama','1979-01-03 20:00:00',135,NULL,'R',1334000.00,20,'Apocalypse Now',NULL),
	('Surreal','1988-01-03 20:00:00',136,NULL,NULL,800000.00,12,'Le grand bleu',NULL),
	('Cult','1985-01-03 20:00:00',137,NULL,'R',0.00,21,'Subway',NULL),
	('Drama','1980-01-03 20:00:00',138,NULL,'R',1000000.00,22,'Diva',NULL),
	('Drama','1982-01-03 20:00:00',140,NULL,'R',200000.00,8,'Diner',NULL),
	('Thriller','1990-01-03 20:00:00',141,NULL,'R',900000.00,21,'Nikita [La femme nikita]',NULL),
	('Comedy','1989-01-03 20:00:00',144,NULL,'PG',1000000.00,16,'Uncle Buck',NULL),
	('Comedy','1993-01-03 20:00:00',145,NULL,'PG',200000.00,23,'Cool Runnings',NULL),
	('Film-noir','1989-01-03 20:00:00',147,NULL,'R',4400000.00,24,'Heathers',NULL),
	('Documentary','1989-01-03 20:00:00',148,NULL,'R',600000.00,9,'Roger & Me',NULL),
	('Comedy','1985-01-03 20:00:00',149,NULL,'PG',0.00,16,'Fletch',NULL),
	('Detective','1974-01-03 20:00:00',150,NULL,'R',500000.00,7,'Chinatown',NULL),
	('Action','1987-01-03 20:00:00',151,NULL,'R',1390000.00,7,'The Untouchables',NULL),
	('Romantic Comedy','1989-01-03 20:00:00',152,NULL,'R',26400000.00,11,'When Harry met Sally',NULL),
	('Drama','1995-04-14 07:00:00',153,NULL,'R',4310000.00,25,'Priest',NULL),
	('Drama','1987-01-04 20:00:00',155,NULL,'PG',800000.00,9,'Empire of the Sun',NULL),
	('Animated','1995-11-22 08:00:00',158,NULL,'G',500000.00,23,'Toy Story',NULL),
	('Horror','1979-10-25 07:00:00',159,NULL,'R',11200000.00,12,'Alien',NULL),
	('Action','1985-04-24 08:00:00',160,NULL,'R',0.00,26,'The Terminator',NULL),
	('Comedy','1982-11-11 08:00:00',162,NULL,'R',600000.00,11,'Tootsie',NULL),
	('Film-noir','1994-11-11 08:00:00',164,NULL,'R',47700000.00,25,'Pulp Fiction',NULL),
	('Drama','1993-11-11 08:00:00',165,NULL,'R',700000.00,28,'The Piano',NULL),
	('Action','1993-11-11 08:00:00',166,NULL,'PG-13',400000.00,16,'Jurassic Park',NULL),
	('Drama','1993-11-11 08:00:00',169,NULL,'R',900000.00,16,'Schindler\'s List',NULL),
	('Comedy','1978-11-11 08:00:00',170,NULL,'R',800000.00,16,'National Lampoon\'s Animal House',NULL),
	('Drama','1981-11-11 08:00:00',171,NULL,'PG',500000.00,29,'My Dinner With Andre',NULL),
	('Drama','1986-11-11 08:00:00',172,NULL,'R',500000.00,30,'My Beautiful Laundrette',NULL),
	('Drama','1983-11-11 08:00:00',174,NULL,'PG',700000.00,31,'Entre Nous',NULL),
	('Drama','1986-11-11 08:00:00',176,NULL,'R',200000.00,43,'Stand By Me',NULL),
	('Drama','1991-11-11 08:00:00',177,NULL,'R',8800000.00,32,'My Own Private Idaho',NULL),
	('Drama','1986-11-11 08:00:00',178,NULL,'R',0.00,33,'Blue Velvet',NULL),
	('Comedy','1974-11-11 08:00:00',179,NULL,'R',213000.00,34,'Amarcord',NULL),
	('Action','1990-11-11 08:00:00',180,NULL,'R',0.00,35,'Total Recall',NULL),
	('Drama','1973-11-11 08:00:00',183,NULL,'R',100000.00,13,'Cries and Whispers',NULL),
	('Drama','1985-11-11 08:00:00',184,NULL,'R',200000.00,36,'Desert Hearts',NULL),
	('Comedy','1986-11-11 08:00:00',185,NULL,'R',600000.00,37,'She\'s Gotta Have It',NULL),
	('Comedy','1989-11-11 08:00:00',186,NULL,'R',700000.00,37,'Do the Right Thing',NULL),
	('Drama','1991-11-11 08:00:00',187,NULL,'R',800000.00,38,'Thelma & Louise',NULL),
	('Drama','1971-11-11 08:00:00',189,NULL,'R',500000.00,39,'Klute',NULL),
	('Surreal','1976-11-11 08:00:00',190,NULL,NULL,400000.00,43,'Eraserhead',NULL),
	('Drama','1987-11-11 08:00:00',191,NULL,'R',700000.00,42,'Prick Up Your Ears',NULL),
	('Drama','1976-11-11 08:00:00',193,NULL,'R',100000.00,11,'Taxi Driver',NULL),
	('Comedy','1974-11-11 08:00:00',194,NULL,'PG',900000.00,12,'Young Frankenstein',NULL),
	('Thriller','1949-11-11 08:00:00',196,NULL,'PG',1000000.00,41,'Third Man, The',NULL),
	('Thriller','1946-11-11 08:00:00',197,NULL,NULL,900000.00,40,'Notorious',NULL),
	('Drama','1941-11-11 08:00:00',198,NULL,NULL,100000.00,40,'Citizen Kane',NULL),
	('Western','1969-11-11 08:00:00',200,NULL,NULL,800000.00,37,'Once Upon a Time in the West',NULL),
	('Drama','1980-01-05 20:00:00',202,NULL,'R',1000000.00,27,'Bad Timing',NULL),
	('Sci-Fi','1958-11-11 08:00:00',203,NULL,NULL,200000.00,50,'Plan 9 from Outer Space',NULL),
	('Action','1977-12-29 20:00:00',101,NULL,'PG',600000.00,12,'Star Wars',NULL),
	('Sci-Fi','1982-01-03 20:00:00',146,NULL,'R',400000.00,9,'Blade Runner',NULL),
	('Comedy','1983-12-29 20:00:00',118,NULL,'PG',9900000.00,41,'Strange Brew',NULL),
	('Action','1972-12-28 20:00:00',103,NULL,'R',0.00,7,'The Godfather',NULL),
	('Drama','1990-11-11 08:00:00',182,NULL,'R',100000.00,9,'The Grifters',NULL),
	('Drama','1969-11-11 08:00:00',192,NULL,'PG',500000.00,12,'The Prime of Miss Jean Brodie',NULL),
	('Comedy','1940-11-11 08:00:00',199,NULL,NULL,1000000.00,8,'The Philadelphia Story',NULL),
	('Comedy','1988-10-13 07:00:00',157,NULL,'PG',0.00,20,'The Princess Bride',NULL),
	('Musical','1980-01-03 20:00:00',143,NULL,'R',700000.00,16,'The Blues Brothers',NULL),
	('Comedy','1992-11-11 08:00:00',188,NULL,'R',500000.00,8,'The Player',NULL),
	('Thriller','1983-11-11 08:00:00',181,NULL,'PG',800000.00,8,'The Year of Living Dangerously',NULL),
	('Drama','1971-11-11 08:00:00',175,NULL,'R',400000.00,11,'The Last Picture Show',NULL),
	('Surreal','1996-01-24 20:00:00',205,NULL,'G',600000.00,52,' EOF Next Generation',NULL),
	('Drama','1999-08-22 07:00:00',206,NULL,'PG',8000000.00,52,' Star WOB',NULL),
	('Action','1999-08-22 07:00:00',207,NULL,'G',8000000.00,52,' WOF The Next Big Thing',NULL),
	('Drama','1986-01-03 08:00:00',129,NULL,'R',200000.00,51,'7.2 le Matin [Betty Blues]',NULL),
	('Action','1990-01-03 20:00:00',142,NULL,'R',2021000.00,9,'GoodFellas',NULL),
	('Comedy','1999-08-11 07:00:00',210,NULL,NULL,6000000.00,11,'The Big Lebowsky',NULL),
	('Drama','1995-02-01 08:00:00',211,NULL,NULL,0.00,12,'Brazil',NULL),
	('Drama','1999-02-19 08:00:00',214,NULL,NULL,NULL,13,'October Sky',NULL),
	('Drama','1993-09-08 07:00:00',215,NULL,NULL,500000.00,14,'Blue (Three Colors)',NULL);

/*!40000 ALTER TABLE `MOVIE` ENABLE KEYS */;
UNLOCK TABLES;


# Dump of table MOVIE_ROLE
# ------------------------------------------------------------

DROP TABLE IF EXISTS `MOVIE_ROLE`;

CREATE TABLE `MOVIE_ROLE` (
  `MOVIE_ID` int(9) NOT NULL,
  `ROLE_NAME` char(30) DEFAULT NULL,
  `TALENT_ID` int(9) NOT NULL
) ENGINE=MyISAM DEFAULT CHARSET=utf8;

LOCK TABLES `MOVIE_ROLE` WRITE;
/*!40000 ALTER TABLE `MOVIE_ROLE` DISABLE KEYS */;
INSERT INTO `MOVIE_ROLE` (`MOVIE_ID`,`ROLE_NAME`,`TALENT_ID`)
VALUES
	(101,'Han Solo',87),
	(102,'Indiana Jones',87),
	(103,'Michel\'s Wife',92),
	(103,'Michel',90),
	(103,'The Godfather',93),
	(101,'Luke Skywalker',86),
	(111,'Ugarte',103),
	(111,'Rick Blaine',100),
	(111,'Ilsa Lund',101),
	(113,'Franz Becker',103),
	(114,'Charlotte Haze',112),
	(114,'Humbert Humbert',110),
	(111,'Senor Ferrari',102),
	(114,'Rex',113),
	(114,'Lolita Haze',111),
	(115,'John Russell',115),
	(118,'Bob McKenzie',117),
	(118,'Brewmeister Smith',119),
	(118,'Doug McKenzie',118),
	(101,'Princess Leia',120),
	(102,'Marion Ravenwood',121),
	(119,'Christina Delasalle',125),
	(119,'Nicole Horner',124),
	(119,'Mr Raymond',126),
	(119,'Inspecteur Ficher',122),
	(119,'Michel Delasalle',123),
	(120,'Mme Musquin',139),
	(120,'Th',137),
	(120,'Pierre Mortez',140),
	(120,'Pharmacien',145),
	(120,'Katia',141),
	(120,'Mr Lebl',146),
	(120,'Felix',143),
	(120,'Mme Lebl',147),
	(120,'Preskovitch',142),
	(120,'Zezette',144),
	(121,'Mme Tapioca',149),
	(121,'Louison',158),
	(121,'Mlle Plusse',148),
	(121,'Clapet',157),
	(121,'Aurore Interligator',154),
	(121,'Robert Kube',152),
	(121,'Marcel Tapioca',150),
	(121,'Georges Interligator',153),
	(121,'Julie Clapet',155),
	(125,'Shooter',163),
	(125,'Coach Norman Dale',161),
	(125,'Myra Fleener',162),
	(126,'William Gates',206),
	(126,'Isiah Thomas',208),
	(126,'Arthur Agee',205),
	(124,'Ned',198),
	(124,'Phillip Winter',179),
	(124,'Raymond Monnet',195),
	(124,'Mario',197),
	(124,'Hotel guest',183),
	(124,'Woman in street car',173),
	(124,'Irina Farber',187),
	(124,'Doctor',201),
	(124,'Peter',188),
	(124,'David',184),
	(124,'Bernie',168),
	(124,'Policeman',170),
	(124,'Narcotics agent',175),
	(124,'Truck driver',193),
	(124,'Anton Farber',203),
	(124,'Edith Farber',200),
	(124,'Karl',185),
	(124,'Elsa Farber',174),
	(124,'Astronaut',194),
	(124,'Burt',180),
	(124,'Nora Oliveira',186),
	(124,'Maid',171),
	(124,'Hotel guest',166),
	(124,'Henry Farber',119),
	(124,'Claire Tourneur',182),
	(124,'Lydia',176),
	(124,'Buzzer',204),
	(124,'Krasikova',196),
	(124,'Makiko',177),
	(124,'Eugene Fitzpatrick',167),
	(124,'Old man Alfred',178),
	(124,'Heidi',169),
	(124,'Custodian',202),
	(124,'Receptionist',190),
	(124,'Ronda',172),
	(124,'Maisie',152),
	(124,'Mrs Mori',199),
	(124,'Mechanic',181),
	(124,'Chico Remy',192),
	(124,'Sam Farber',189),
	(127,'Catherine',213),
	(127,'Solange',209),
	(127,'Antoine',212),
	(127,'Jean',211),
	(128,'Sondra Walker',214),
	(128,'Michelle',215),
	(128,'Richard Walker',87),
	(129,'Annie',221),
	(129,'Betty',220),
	(129,'Eddy',223),
	(129,'Zorg',217),
	(129,'Bob',219),
	(129,'Lisa',222),
	(130,'Hannibal Lecter (1)',225),
	(130,'Hannibal Lecter (2)',224),
	(130,'Will Graham',227),
	(130,'Jack Crawford',226),
	(131,'Jack Walsh',230),
	(131,'Marvin Dorfler',231),
	(131,'Jimmy Serrano',226),
	(131,'Jonathan Mardukas',234),
	(131,'Eddie Moscone',229),
	(131,'Alonzo Mosely',233),
	(132,'Clay Gregory',236),
	(132,'Mike Swale',238),
	(132,'Bridget Gregory',235),
	(133,'Michael',240),
	(133,'Lyle',163),
	(133,'Wayne',239),
	(133,'Suzanne',241),
	(135,'Colonel',87),
	(135,'Lieutenant Colonel Kilgore',246),
	(135,'Captain Benjamin L. Willard',247),
	(135,'Clean',245),
	(135,'Colonel Walter Kurtz',93),
	(136,'Johanna',252),
	(136,'Enzo Molinari',250),
	(136,'Alfredo',248),
	(136,'Jacques Mayol',249),
	(137,'Drummer',250),
	(137,'Fred',257),
	(137,'Big Negro',258),
	(137,'Robin',259),
	(137,'Helena',256),
	(137,'Florist',254),
	(137,'Commisaire Gesberg',255),
	(137,'The Roller',217),
	(137,'Batman',253),
	(138,'Cynthia Hawkins',260),
	(140,'Barbara',272),
	(140,'Boogie',274),
	(140,'Fenwick',275),
	(140,'Modell',276),
	(140,'Beth',271),
	(140,'Bagel',273),
	(140,'Billy',278),
	(140,'Shrevie',280),
	(140,'Eddie',279),
	(141,'Nikita\'s boyfriend',217),
	(141,'Zap',282),
	(141,'Old teacher',200),
	(141,'Nikita',283),
	(141,'Le Nettoyeur',620),
	(141,'Coyotte',248),
	(141,'Bob',284),
	(141,'Rico',281),
	(142,'James Conway',230),
	(142,'Joe Buddha',286),
	(142,'Tommy DeVito',288),
	(142,'Karen Hill',290),
	(142,'Paul Cicero',289),
	(142,'Henry Hill',287),
	(143,'Elwood',298),
	(143,'Soloist',293),
	(143,'Mystery Woman',120),
	(143,'Reverend Cleophus James',292),
	(143,'Ray',299),
	(143,'Burton Mercer',295),
	(143,'Chic Lady',2),
	(143,'Cook County Clerk',435),
	(143,'Waiter',296),
	(143,'Soul Food Cafe Owner',291),
	(143,'Curtis',1),
	(143,'Joliet Jake',297),
	(144,'Miles Russell',6),
	(144,'Bug',4),
	(144,'Maisy Russell',3),
	(144,'Tia Russell',5),
	(144,'Chanice Kobolowski',7),
	(144,'Buck Russell',295),
	(145,'Yul Brenner',13),
	(145,'Junior Bevel',12),
	(145,'Irv',295),
	(145,'Leon',9),
	(145,'Sanka Coffie',11),
	(146,'Rachael',16),
	(146,'Batty',14),
	(146,'Gaff',18),
	(146,'Pris',17),
	(146,'Bryant',19),
	(146,'Deckard',622),
	(147,'Heather Chandler',25),
	(147,'J.D.',23),
	(147,'Heather Duke',21),
	(147,'Heather McNamara',22),
	(147,'Veronica',24),
	(148,'Pat Boone',26),
	(148,'Roger Smith',29),
	(148,'Michael Moore',27),
	(148,'Bob Eubanks',28),
	(149,'Larry',38),
	(149,'Chief Karlin',37),
	(149,'Alan Stanwick',36),
	(149,'Fletch',610),
	(149,'Fat Sam',31),
	(149,'Gail Stanwick',34),
	(149,'Chick Hearn',35),
	(149,'Kareem Abdul-Jabbar',33),
	(150,'Noah Cross',42),
	(150,'Evelyn Mulwray',39),
	(150,'Man with Knife',216),
	(150,'Jake Gittes',41),
	(150,'Escobar',40),
	(151,'Al Capone',230),
	(151,'George Stone',47),
	(151,'Oscar Wallace',46),
	(151,'Elliot Ness',44),
	(151,'Jim Malone',45),
	(152,'Jess',48),
	(152,'Marie',120),
	(152,'Harry Burns',51),
	(152,'Sally Albright',50),
	(153,'Father Ellerton',54),
	(153,'Father Greg',59),
	(153,'Mrs. Unsworth',61),
	(153,'Lisa Unsworth',55),
	(153,'Maria Kerrigan',57),
	(153,'Housekeeper',58),
	(153,'Mr. Unsworth',52),
	(153,'Father Matthew',56),
	(153,'Graham',53),
	(154,'Jo March',24),
	(154,'Marmee March',64),
	(154,'Laurie',62),
	(155,'Mrs. Victor',65),
	(155,'Basie',66),
	(155,'Jim',62),
	(158,'Buzz Lightyear',96),
	(158,'Woody',95),
	(157,'The Ancient Booer',93),
	(157,'The Assistant Brute',90),
	(157,'The Princess Bride',79),
	(157,'Valerie',92),
	(157,'The Impressive Clergyman',84),
	(157,'The Queen',89),
	(157,'The King',88),
	(157,'The Grandfather',81),
	(157,'Vizzini',85),
	(157,'The Mother',94),
	(157,'Fezzik',80),
	(157,'The Albino',87),
	(157,'Prince Humperdinck',83),
	(157,'Inigo Montoya',86),
	(157,'Yellin',91),
	(157,'Miracle Max',51),
	(157,'The Grandson',78),
	(157,'Count Rugen',82),
	(157,'Westley',77),
	(159,'Brett',403),
	(159,'Kane',401),
	(159,'Dallas',98),
	(159,'Parker',233),
	(159,'Lambert',402),
	(159,'Ash',400),
	(159,'Ripley',99),
	(160,'Sarah Connor',404),
	(160,'Kyle Reese',406),
	(160,'Terminator',606),
	(162,'Julie',422),
	(162,'Michael',417),
	(162,'Roommate',418),
	(162,'Sandy',420),
	(162,'Ron',419),
	(164,'Pumpkin',425),
	(164,'Winston Wolf',428),
	(164,'Mia',430),
	(164,'Butch',427),
	(164,'Jules',286),
	(164,'Vincent Vega',431),
	(164,'Honey Bunny',429),
	(165,'Fiona',434),
	(165,'Ada',433),
	(165,'Stewart',167),
	(165,'Baines',428),
	(166,'John Hammond',437),
	(166,'Ian Malcolm',438),
	(166,'Dr. Ellie Sattler',436),
	(166,'Doctor Alan Grant',167),
	(169,'Oskar Schindler',447),
	(169,'Itzhak Stern',449),
	(169,'Amon Goeth',448),
	(169,'Helen Hirsch',450),
	(170,'Kent Dorfman',453),
	(170,'Bluto',297),
	(170,'Jennings',452),
	(170,'Katy',121),
	(170,'Larry Kroger',451),
	(171,'Wally',85),
	(171,'Andre',455),
	(172,'Omar',628),
	(172,'Johnny',594),
	(174,'Lena',462),
	(174,'Madeleine',463),
	(175,'Duane',467),
	(175,'Sonny',469),
	(175,'Lois Farrow',471),
	(175,'Sam the Lion',466),
	(175,'Jacy Farrow',468),
	(175,'Ruth Popper',470),
	(176,'Teddy Duchamp',473),
	(176,'Denny Lachance',472),
	(176,'Ace Merrill',477),
	(176,'Vern Tassio',476),
	(176,'Gordie Lachance',475),
	(176,'Chris Chambers',474),
	(177,'Mike Waters',474),
	(177,'Scott Favor',478),
	(178,'Dorothy Vallens',481),
	(178,'Frank Booth',163),
	(178,'Jeffrey Beaumont',480),
	(178,'Sandy Williams',436),
	(179,'Gradisca',486),
	(179,'The Mother',485),
	(179,'Titta',483),
	(180,'Melina',487),
	(180,'Lori',488),
	(180,'Quaid',405),
	(180,'Richter',490),
	(180,'Cohaagen',489),
	(181,'Jill Bryant',99),
	(181,'Guy Hamilton',493),
	(181,'Billy Kwan',492),
	(182,'Lilly Dillon',496),
	(182,'Roy Dillon',472),
	(182,'Myra Langtry',495),
	(183,'Anna',497),
	(183,'Agnes',498),
	(183,'Maria',500),
	(183,'Karin',499),
	(184,'Frances',502),
	(184,'Vivian Bell',503),
	(184,'Cay Rivers',505),
	(185,'Greer Childs',506),
	(185,'Nola Darling',509),
	(185,'Mars Blackmon',508),
	(185,'Jamie Overstreet',507),
	(186,'Tina',514),
	(186,'Mother Sister',510),
	(186,'Jade',513),
	(186,'Mister Senor Love Daddy',286),
	(186,'Da Mayor',511),
	(186,'Buggin\' Out',515),
	(186,'Vito',516),
	(186,'Mookie',508),
	(186,'Sal',512),
	(187,'J.D.',517),
	(187,'Darryl',518),
	(187,'Louise Sawyer',64),
	(187,'Jimmy',519),
	(187,'Hal Slocumb',428),
	(187,'Thelma Dickinson',38),
	(188,'June Gudmundsdottir',520),
	(188,'Detective Susan Avery',523),
	(188,'Griffin Mill',525),
	(188,'Walter Stuckel',521),
	(188,'Larry Levy',524),
	(189,'John Klute',452),
	(189,'Bree Daniels',526),
	(190,'Mary X',529),
	(190,'Henry Spencer',528),
	(191,'Peggy Ramsay',530),
	(191,'John Lahr',85),
	(191,'Joe Orton',531),
	(191,'Kenneth Halliwell',532),
	(192,'Jean Brodie',535),
	(192,'Teddy Lloyd',533),
	(192,'Sandy',536),
	(193,'Tom',539),
	(193,'Betsy',468),
	(193,'Iris',538),
	(193,'Wizard',537),
	(193,'Travis Bickle',230),
	(193,'Sport',428),
	(194,'Frau Bluecher',470),
	(194,'Elizabeth',542),
	(194,'The Monster',537),
	(194,'Dr. Frankenstein',541),
	(194,'Inga',420),
	(194,'Igor',540),
	(196,'Anna Schmidt',550),
	(196,'Harry Lime',553),
	(196,'Holly Martins',551),
	(196,'Major Calloway',549),
	(197,'T.R. Devlin',555),
	(197,'Alice Huberman',101),
	(197,'Alexander Sebastian',556),
	(198,'Mrs. Kane',558),
	(198,'Jed Leland',551),
	(198,'Susan Alexander',559),
	(198,'Charles Foster Kane',553),
	(199,'C.K. Dexter Haven',555),
	(199,'Tracy Lord',562),
	(199,'Macaulay (Mike) Connor',561),
	(200,'Harmonica',566),
	(200,'Cheyenne',565),
	(200,'Jill McBain',567),
	(200,'Frank',564),
	(202,NULL,570),
	(203,'Paula Trent',572),
	(203,'Ghoul Man',576),
	(203,'Vampire Girl',575),
	(203,'Jeff Trent',571),
	(203,'Inspector Clay',573),
	(205,'D\'Artagnan',624),
	(205,'Porthos',619),
	(205,'Aramis',605),
	(205,'Athos',625),
	(205,'De Treville',604),
	(207,'Melanie Ralston',609),
	(207,'Winston',603),
	(207,'Jackie Brown',618),
	(207,'Beaumont Livingston',614),
	(207,'Ordell Robbie',613),
	(207,'Max Cherry',608),
	(207,'Wanda',610),
	(207,'Public Defender',606),
	(207,'The Judge',620),
	(207,'Louis Gara',616),
	(206,'Liubacca',601),
	(206,'Qui-Gon Gautier',596),
	(206,'Dr. Beverly Crusher',597),
	(206,'Jar Jar Jirman',619),
	(206,'Lando Calrawdonian',598),
	(206,'JP-D2',612),
	(206,'Queen Ameldala',592),
	(206,'OBen-WOB Kenobi',595),
	(206,'Tom Solo',599),
	(206,'Grand Moff Justin',604),
	(206,'Darth Sanchez',611),
	(205,'Constance Bonacieux',600),
	(205,'Jussac',594),
	(205,'Bonacieux',622),
	(205,'Biscarrat',615),
	(205,'Grimaud',607),
	(205,'Queen Anne',621),
	(205,'Planchet',602),
	(210,'The Dude',618),
	(211,'Archibald Tuttle',599),
	(211,'Sam',595),
	(214,'Homer Hickam',619),
	(215,'Julie',603),
	(215,'Olivier',626);

/*!40000 ALTER TABLE `MOVIE_ROLE` ENABLE KEYS */;
UNLOCK TABLES;


# Dump of table PLOT_SUMMARY
# ------------------------------------------------------------

DROP TABLE IF EXISTS `PLOT_SUMMARY`;

CREATE TABLE `PLOT_SUMMARY` (
  `MOVIE_ID` int(9) NOT NULL,
  `SUMMARY` text
) ENGINE=MyISAM DEFAULT CHARSET=utf8;

LOCK TABLES `PLOT_SUMMARY` WRITE;
/*!40000 ALTER TABLE `PLOT_SUMMARY` DISABLE KEYS */;
INSERT INTO `PLOT_SUMMARY` (`MOVIE_ID`,`SUMMARY`)
VALUES
	(111,NULL),
	(115,NULL),
	(118,NULL),
	(121,NULL),
	(124,NULL),
	(127,NULL),
	(129,NULL),
	(136,NULL),
	(137,NULL),
	(138,NULL),
	(141,NULL),
	(157,NULL),
	(159,NULL),
	(160,NULL),
	(161,NULL),
	(162,NULL),
	(164,NULL),
	(165,NULL),
	(166,NULL),
	(169,NULL),
	(170,NULL),
	(171,NULL),
	(172,NULL),
	(174,NULL),
	(175,NULL),
	(176,NULL),
	(177,NULL),
	(178,NULL),
	(180,NULL),
	(181,NULL),
	(182,NULL),
	(183,NULL),
	(184,NULL),
	(185,NULL),
	(186,NULL),
	(187,NULL),
	(188,NULL),
	(189,NULL),
	(190,NULL),
	(191,NULL),
	(192,NULL),
	(193,NULL),
	(194,NULL),
	(196,NULL),
	(197,NULL),
	(198,NULL),
	(199,NULL),
	(200,NULL),
	(202,NULL),
	(203,NULL),
	(179,NULL),
	(101,'Dan: This was most certainly a G movie. Right? Craig: Sorry, man.  I checked.  It was PG. Bruce: Lucas personally wanted it rated PG because he feared that viewers wouldn\'t go to a G rated action film.'),
	(103,'The Godfather kills everyone and rules the world.'),
	(113,'The story of a german town caught in the grip of a child molester/murderer. '),
	(119,'A scary french cult movie.'),
	(125,'The small town of Hickory, Indiana brings in outsider Coach Norman Dale to lead their outmatched high school basketball team against the rest of the state\'s best.'),
	(102,'Very exciting!'),
	(126,'The film follows two young  black basketball players in Chicago as they leave grammar school and enter high school with high expectations for their futures in the world of college and professional basketball.'),
	(114,'Middle-aged novelist Humbert Humbert rents a room in Charlotte Haze\'s house after he falls passionately in love with her daughter Lolita. There are three slight problems, though - one, Charlotte is madly in love with him (unrequited, needless to say); two, Lolita is only fourteen; three, there\'s a very peculiar figure by the name of Clare Quilty who keeps popping up in the most unexpected places (and sporting equally unexpected accents), who seems to have a similarly unhealthy interest in Lolita.'),
	(120,'A Christmas at SOS Amiti'),
	(131,'Bounty hunter Jack Walsh sets out to bring bail jumper Jonathan Mardukas back to Los Angeles for trial. But after finding him, Walsh discovers that the \"Duke\" was a mafia accountant who donated millions of dollars to charities after embezzling it from the mafia.'),
	(130,'Will Graham is brought out of retirement to pursue an elusive serial killer. In order to find the killer, Graham must return to Dr. Hannibal Lector, the serial killer he captured after almost losing his mind and life.'),
	(128,'Dr. Richard Walker and his wive arrive in Paris for a working vacation. But Mrs. Walker disappears almost immediately, leaving Dr. Walker desparately trying to track her down without any french language skills or much help from the french police or the US embassy. Eventually he finds Michelle, the smuggler who also must discover who is behind the abduction.'),
	(135,'Copola\'s movie is based on Conrad\'s Heart of Darkness set in Vietnam and Cambodia. Captain Benjamin Willard is set on a secret mission to \"terminate\" the renegade Colonel Kurtz who is waging an effective but independent war against the North Vietnemese.'),
	(132,'Bridget Gregory steals drug money from her husband and tries to hid in upstate New York. When her lawyer tells her to blend in and get a boyfriend, things get interesting.'),
	(133,'When Michael arrives in the town of Red Rock out of money and down on his luck, Wayne mistakes him for the hit man he hired to kill his wife. But soon Michael meets Wayne\'s wife and the real hit man arrives and things heat up.'),
	(140,'The movie tracks the lives of 5 friends who regulary meet at the Diner to share stories and figure out where their lives are heading.'),
	(143,'After finishing his sentence for armed robbery, Jake is release from prison only to discover that the county is going to close the catholic school he and Elwood attended as children. Both set out to recreate \"the band\" in an attempt to raise enough money to pay the taxes for the school.'),
	(148,'Michael Moore tracks the demise of his home town of Flint Michigan. His ultimate goal is to direct his questions to Roger Smith, the president of General Motors.'),
	(150,'Jake Gittes is hired for the apparently simple task of documenting the extra-marital activities of her husband. But after encountering a few exceptionally unhelpful and down right violent people, Gittes starts to unravel a maze of corruption and deceit.'),
	(146,'Deckard is charged with tracking down and destroying a group of escaped replicants. Of course these replicants are the latest models that are getting all the more human, making Deckard\'s job all the tougher and raises questions about the role of these machines. Very Sci-Fi.'),
	(142,'Based on the true story of Henry Hill. The film tracks the rise of Hill, James Conway, and Tommy DeVito as they work their way up in the mafia.'),
	(147,'The ruling clique at Westerberg High is running along smoothly until new comer J.D. (for James Dean?) arrives and convinces Veronica that some mischief would make things much more interesting. When Veronica discovers \"mischief\" involves bumping off other students and staging elaborate suicide frame-ups things get dark.'),
	(149,'Irwin Fletcher is an investigative reporter searching for the story behind the drug trade on the beach. But he soon finds himself drawn into exposing a separate con, that shares some curious players as the drug trade.'),
	(145,'Roughly based on the story behind the 1988 Jamamican bobsled team. After being denied places on the summer olympic team as a sprinter, Leon recruits three others and the reluctant coach Irv to join him on the team. Along the way the team encounters many skeptics and discovers the colored past of the coach.'),
	(144,'When Mom and Dad have to leave town, bachelor at large, Uncle Buck, comes to take care of the children.'),
	(155,'An epic-scale World War II film about a privileged boy captured by the Japanese in Shanghai.'),
	(151,'Loosely based on the true story of Elliot Ness. Frustrated by the penetration of corruption in Chicago, Ness puts together a small independent Treasury officers dedicated to the destruction of the Chicago Mob. Good scene stressing the importance of team work.'),
	(153,'An idealistic young priest must deal with the poverty of his new parish, the lax attitude of his fellow pastor, a young girl being abused by her father, and his own shame.'),
	(158,'Toys come to life when the humans are away.  Classic buddy flick in which a spaceman toy (Buzz Lightyear) arrives at a birthday party and threatens to displace the cowboy (Woody) as the child\'s favorite toy.  The two rivals get lost and eventually become friends, working together to find their way home.'),
	(154,'Based on the novel by Louisa May Alcott.'),
	(152,'Harry Burns and Sally Albright gradually become friends over the course of several years and failed partners. Eventually the sleep together and wrecks the friendship. But eventually they get back together and everyone lives happily ever after.'),
	(2,NULL),
	(3,NULL),
	(4,NULL),
	(5,NULL),
	(7,NULL),
	(8,NULL),
	(205,'The EOF product attempts to go where no database product has gone before!'),
	(206,'The WOB Team takes WebObjects tools where they have never gone before!'),
	(207,'The WOF Team takes you where no application server product has gone before!'),
	(210,NULL),
	(211,NULL),
	(214,NULL),
	(215,'Julie loses her husband, Patrice, a well-known composer, and their young daughter, Anna, in an auto accident and must begin life anew. She decides to become anonymous and totally independent, and she deliberately cuts herself off from everything that she has possessed so abundantly before. Olivier, Patrice\'s young assistant, has always loved Julie. To try and bring her out of isolation, he decides to finish the \"Concerto for Europe,\" that had been left unfinished at the  composer\'s death.');

/*!40000 ALTER TABLE `PLOT_SUMMARY` ENABLE KEYS */;
UNLOCK TABLES;


# Dump of table RENTAL
# ------------------------------------------------------------

DROP TABLE IF EXISTS `RENTAL`;

CREATE TABLE `RENTAL` (
  `CUSTOMER_ID` int(11) NOT NULL,
  `DATE_OUT` datetime NOT NULL,
  `DATE_RETURNED` datetime DEFAULT NULL,
  `RENTAL_ID` int(11) NOT NULL,
  `UNIT_ID` int(11) NOT NULL
) ENGINE=MyISAM DEFAULT CHARSET=utf8;

LOCK TABLES `RENTAL` WRITE;
/*!40000 ALTER TABLE `RENTAL` DISABLE KEYS */;
INSERT INTO `RENTAL` (`CUSTOMER_ID`,`DATE_OUT`,`DATE_RETURNED`,`RENTAL_ID`,`UNIT_ID`)
VALUES
	(9,'1997-02-01 02:26:00',NULL,4,3),
	(2,'1997-02-19 03:08:00',NULL,7,110),
	(2,'1997-02-15 03:07:00',NULL,5,115),
	(2,'1997-02-18 03:07:00',NULL,6,43),
	(7,'1997-01-25 07:39:00',NULL,8,46),
	(9,'1997-02-01 02:26:00',NULL,4,3),
	(2,'1997-02-19 03:08:00',NULL,7,110),
	(2,'1997-02-15 03:07:00',NULL,5,115),
	(2,'1997-02-18 03:07:00',NULL,6,43),
	(7,'1997-01-25 07:39:00',NULL,8,46);

/*!40000 ALTER TABLE `RENTAL` ENABLE KEYS */;
UNLOCK TABLES;


# Dump of table RENTAL_TERMS
# ------------------------------------------------------------

DROP TABLE IF EXISTS `RENTAL_TERMS`;

CREATE TABLE `RENTAL_TERMS` (
  `CHECK_OUT_LENGTH` int(11) NOT NULL,
  `COST` decimal(15,2) NOT NULL,
  `DEPOSIT_AMOUNT` decimal(15,2) NOT NULL,
  `NAME` char(20) NOT NULL,
  `RENTAL_TERM_ID` int(11) NOT NULL
) ENGINE=MyISAM DEFAULT CHARSET=utf8;

LOCK TABLES `RENTAL_TERMS` WRITE;
/*!40000 ALTER TABLE `RENTAL_TERMS` DISABLE KEYS */;
INSERT INTO `RENTAL_TERMS` (`CHECK_OUT_LENGTH`,`COST`,`DEPOSIT_AMOUNT`,`NAME`,`RENTAL_TERM_ID`)
VALUES
	(2,4.00,20.00,'New release',1),
	(2,15.00,200.00,'16 Bits game console',10),
	(3,5.00,50.00,'Video games',11),
	(5,3.00,20.00,'Economy',13),
	(3,20.00,0.00,'2 Bits game console',14);

/*!40000 ALTER TABLE `RENTAL_TERMS` ENABLE KEYS */;
UNLOCK TABLES;


# Dump of table RENTALS_USER
# ------------------------------------------------------------

DROP TABLE IF EXISTS `RENTALS_USER`;

CREATE TABLE `RENTALS_USER` (
  `ACCESS_LEVEL` int(11) NOT NULL,
  `CUSTOMER_ID` int(11) DEFAULT NULL,
  `PASSWORD` char(20) NOT NULL,
  `USER_ID` int(11) NOT NULL,
  `LOGIN` char(20) NOT NULL
) ENGINE=MyISAM DEFAULT CHARSET=utf8;

LOCK TABLES `RENTALS_USER` WRITE;
/*!40000 ALTER TABLE `RENTALS_USER` DISABLE KEYS */;
INSERT INTO `RENTALS_USER` (`ACCESS_LEVEL`,`CUSTOMER_ID`,`PASSWORD`,`USER_ID`,`LOGIN`)
VALUES
	(1,NULL,'admin',1,'admin'),
	(2,NULL,'bob',2,'bob'),
	(2,NULL,'alice',3,'alice'),
	(3,10,'ringle',4,'ringle'),
	(3,2,'jboyles',5,'jboyles'),
	(3,17,'lstark',6,'lstark');

/*!40000 ALTER TABLE `RENTALS_USER` ENABLE KEYS */;
UNLOCK TABLES;


# Dump of table REVIEW
# ------------------------------------------------------------

DROP TABLE IF EXISTS `REVIEW`;

CREATE TABLE `REVIEW` (
  `MOVIE_ID` int(9) NOT NULL,
  `REVIEW` text,
  `REVIEW_ID` int(9) NOT NULL,
  `REVIEWER` char(50) DEFAULT NULL
) ENGINE=MyISAM DEFAULT CHARSET=utf8;



# Dump of table STUDIO
# ------------------------------------------------------------

DROP TABLE IF EXISTS `STUDIO`;

CREATE TABLE `STUDIO` (
  `BUDGET` decimal(15,2) NOT NULL,
  `NAME` char(40) NOT NULL,
  `STUDIO_ID` int(9) NOT NULL
) ENGINE=MyISAM DEFAULT CHARSET=utf8;

LOCK TABLES `STUDIO` WRITE;
/*!40000 ALTER TABLE `STUDIO` DISABLE KEYS */;
INSERT INTO `STUDIO` (`BUDGET`,`NAME`,`STUDIO_ID`)
VALUES
	(5000000.00,'Paramount Pictures',7),
	(17000000.00,'MGM',8),
	(22000000.00,'Columbia Pictures',11),
	(200000.00,'Filmsonor',13),
	(100000000.00,'Warner Brothers',9),
	(19778543.00,'ZZ Studios',50),
	(100000000.00,'20th Century Fox',12),
	(11000000.00,'Hemdale Film Corporation',14),
	(70000.00,'Kartemquin Films',15),
	(23000000.00,'Universal Pictures',16),
	(1000000.00,'Propaganda Films',19),
	(0.00,'New Line Cinema',2),
	(1000000.00,'Cargo Films',51),
	(21000000.00,'Zoetrope Studios',20),
	(11000000.00,'ITC Films',18),
	(22000000.00,'Gaumont International',21),
	(0.00,'Greenwich Film Production',22),
	(4000000.00,'Walt Disney Productions',23),
	(52000000.00,'New World Entertainment',24),
	(56000000.00,'Miramax Films',25),
	(7000000.00,'Pacific Western',26),
	(8000000.00,'Rank Film Productions',27),
	(9000000.00,'CiBy 2000',28),
	(10000000.00,'The Andre Company',29),
	(11000000.00,'Working Title Films',30),
	(26000000.00,'Alexandre Films',31),
	(4000000.00,'De Laurentis',33),
	(55000000.00,'F.C. Produzioni',34),
	(6000000.00,'Carolco Pictures',35),
	(7000000.00,'Samuel Goldwyn Company',36),
	(81000000.00,'40 Acres and a Mule Filmworks',37),
	(9000000.00,'Avenue Pictures',38),
	(10000000.00,'Cineplex Odeon',39),
	(1000000.00,'RKO Radio Pictures',40),
	(2000.00,'British Lion Film Corp.',41),
	(0.00,'Civilhand Zenith',42),
	(4000000.00,'AFI',43),
	(0.00,'Apple Computer, Inc.',52),
	(5000000.00,'Paramount Pictures',7),
	(17000000.00,'MGM',8),
	(22000000.00,'Columbia Pictures',11),
	(200000.00,'Filmsonor',13),
	(100000000.00,'Warner Brothers',9),
	(19778543.00,'ZZ Studios',50),
	(100000000.00,'20th Century Fox',12),
	(11000000.00,'Hemdale Film Corporation',14),
	(70000.00,'Kartemquin Films',15),
	(23000000.00,'Universal Pictures',16),
	(1000000.00,'Propaganda Films',19),
	(0.00,'New Line Cinema',2),
	(1000000.00,'Cargo Films',51),
	(21000000.00,'Zoetrope Studios',20),
	(11000000.00,'ITC Films',18),
	(22000000.00,'Gaumont International',21),
	(0.00,'Greenwich Film Production',22),
	(4000000.00,'Walt Disney Productions',23),
	(52000000.00,'New World Entertainment',24),
	(56000000.00,'Miramax Films',25),
	(7000000.00,'Pacific Western',26),
	(8000000.00,'Rank Film Productions',27),
	(9000000.00,'CiBy 2000',28),
	(10000000.00,'The Andre Company',29),
	(11000000.00,'Working Title Films',30),
	(26000000.00,'Alexandre Films',31),
	(4000000.00,'De Laurentis',33),
	(55000000.00,'F.C. Produzioni',34),
	(6000000.00,'Carolco Pictures',35),
	(7000000.00,'Samuel Goldwyn Company',36),
	(81000000.00,'40 Acres and a Mule Filmworks',37),
	(9000000.00,'Avenue Pictures',38),
	(10000000.00,'Cineplex Odeon',39),
	(1000000.00,'RKO Radio Pictures',40),
	(2000.00,'British Lion Film Corp.',41),
	(0.00,'Civilhand Zenith',42),
	(4000000.00,'AFI',43),
	(0.00,'Apple Computer, Inc.',52),
	(5000000.00,'Paramount Pictures',7),
	(17000000.00,'MGM',8),
	(22000000.00,'Columbia Pictures',11),
	(200000.00,'Filmsonor',13),
	(100000000.00,'Warner Brothers',9),
	(19778543.00,'ZZ Studios',50),
	(100000000.00,'20th Century Fox',12),
	(11000000.00,'Hemdale Film Corporation',14),
	(70000.00,'Kartemquin Films',15),
	(23000000.00,'Universal Pictures',16),
	(1000000.00,'Propaganda Films',19),
	(0.00,'New Line Cinema',2),
	(1000000.00,'Cargo Films',51),
	(21000000.00,'Zoetrope Studios',20),
	(11000000.00,'ITC Films',18),
	(22000000.00,'Gaumont International',21),
	(0.00,'Greenwich Film Production',22),
	(4000000.00,'Walt Disney Productions',23),
	(52000000.00,'New World Entertainment',24),
	(56000000.00,'Miramax Films',25),
	(7000000.00,'Pacific Western',26),
	(8000000.00,'Rank Film Productions',27),
	(9000000.00,'CiBy 2000',28),
	(10000000.00,'The Andre Company',29),
	(11000000.00,'Working Title Films',30),
	(26000000.00,'Alexandre Films',31),
	(4000000.00,'De Laurentis',33),
	(55000000.00,'F.C. Produzioni',34),
	(6000000.00,'Carolco Pictures',35),
	(7000000.00,'Samuel Goldwyn Company',36),
	(81000000.00,'40 Acres and a Mule Filmworks',37),
	(9000000.00,'Avenue Pictures',38),
	(10000000.00,'Cineplex Odeon',39),
	(1000000.00,'RKO Radio Pictures',40),
	(2000.00,'British Lion Film Corp.',41),
	(0.00,'Civilhand Zenith',42),
	(4000000.00,'AFI',43),
	(0.00,'Apple Computer, Inc.',52);

/*!40000 ALTER TABLE `STUDIO` ENABLE KEYS */;
UNLOCK TABLES;


# Dump of table TALENT
# ------------------------------------------------------------

DROP TABLE IF EXISTS `TALENT`;

CREATE TABLE `TALENT` (
  `FIRST_NAME` char(20) NOT NULL,
  `LAST_NAME` char(30) NOT NULL,
  `TALENT_ID` int(9) NOT NULL
) ENGINE=MyISAM DEFAULT CHARSET=utf8;

LOCK TABLES `TALENT` WRITE;
/*!40000 ALTER TABLE `TALENT` DISABLE KEYS */;
INSERT INTO `TALENT` (`FIRST_NAME`,`LAST_NAME`,`TALENT_ID`)
VALUES
	('Harrison','Ford',87),
	('George','Lucas',88),
	('Mark','Hammil',86),
	('Marlon','Brando',93),
	('Dianne','Keaton',92),
	('Francis Ford','Copola',91),
	('Al','Pacino',90),
	('Humphrey','Bogart',100),
	('Michael','Curtiz',99),
	('Ingrid','Bergman',101),
	('Sidney','Greenstreet',102),
	('Peter','Lorre',103),
	('Fritz','Lang',107),
	('Sue','Lyon',111),
	('Peter','Sellers',113),
	('Shelley','Winters',112),
	('James','Mason',110),
	('Stanley','Kubrick',109),
	('Martin','Ritt',114),
	('Paul','Newman',115),
	('Simone','Signoret',124),
	('Rick','Moranis',117),
	('Dave','Thomas',118),
	('Max','Von Sydow',119),
	('Carrie','Fisher',120),
	('Karen','Allen',121),
	('Vera','Clouzot',125),
	('Henri-Georges','Clouzot',127),
	('Michel','Serrault',126),
	('Paul','Meurisse',123),
	('Charles','Vanel',122),
	('Jean-Marie','Poir',138),
	('An','',137),
	('Josianne','Balasko',139),
	('Christian','Clavier',141),
	('G','Jugnot',143),
	('Marie-Anne','Chazel',144),
	('Claire','Magnin',147),
	('Martin','Lamotte',146),
	('Jacques','Fran',145),
	('Bruno','Moynot',142),
	('Thierry','Lhermitte',140),
	('Dominique','Pinon',158),
	('Silvie','Laguna',154),
	('Justine','Saunders',152),
	('Marc','Caro',151),
	('Jean-Claude','Dreyfus',157),
	('Jean-Fran','Perrier',153),
	('Marie-Laure','Dougnac',155),
	('Jean-Pierre','Jeunet',156),
	('Ticky','Holgado',150),
	('Anne-Marie','Pisani',149),
	('Karin','Viard',148),
	('Dennis','Hopper',163),
	('David','Anspaugh',164),
	('Barbara','Hershey',162),
	('Gene','Hackman',161),
	('Solveig','Dommartin',182),
	('William','Hurt',189),
	('Enzo','Turrin',201),
	('Pietro','Falcone',197),
	('Ernest','Berk',203),
	('Naoto','Takenaka',202),
	('Chalie','McMahon',204),
	('Kuniko','Miyake',199),
	('Jeanne','Moreau',200),
	('Bart','Willoughby',198),
	('Detlef','Winterberg',194),
	('Elena','Smirnova',196),
	('Yugi','Ogata',183),
	('Zhang','Jinzan',193),
	('Eddy','Mitchell',195),
	('Susan','Leith',186),
	('Chick','Ortega',192),
	('Christine','Osterlein',187),
	('Paul','Livingston',185),
	('Jimmy','Little',188),
	('Ruediger','Vogler',179),
	('Diogo','Doria',190),
	('Alec','Jason',175),
	('Alfred','Lynch',178),
	('Fabrice','Luchini',212),
	('David','Gulpilil',184),
	('Miwako','Fujitani',171),
	('Amalia','Rodriguez',173),
	('Kylie','Belling',176),
	('Jean-Charles','Dumay',181),
	('Ernie','Dingo',180),
	('Fred','Walsh',170),
	('Adelle','Lutz',177),
	('Lauren','Graham',169),
	('Hiroshi','Kanbe',166),
	('Lois','Chiles',174),
	('Rhoda','Roberts',172),
	('Allen','Garfield',168),
	('Sam','Neil',167),
	('Wim','Wenders',165),
	('Isiah','Thomas',208),
	('Steve','James',207),
	('William','Gates',206),
	('Arthur','Agee',205),
	('Christian','Vincent',210),
	('Judith','Henry',213),
	('Maurice','Garrel',211),
	('Marie','Bunel',209),
	('Emmanuelle','Seigner',215),
	('Roman','Polanski',216),
	('Betty','Buckley',214),
	('Jean-Hugues','Anglade',217),
	('Jean-Jacques','Beineix',218),
	('B','Dalle',220),
	('G','Darmont',223),
	('Consuelo','De Haviland',222),
	('Cl','C',221),
	('Jacques','Mathou',219),
	('William','Petersen',227),
	('Michael','Mann',228),
	('Dennis','Farina',226),
	('Brian','Cox',225),
	('Dan','Butler',224),
	('Martin','Brest',232),
	('Yaphet','Kotto',233),
	('Charles','Grodin',234),
	('John','Ashton',231),
	('Robert','De Niro',230),
	('Joe','Pantoliano',229),
	('Peter','Berg',238),
	('Bill','Pullman',236),
	('John','Dahl',237),
	('Linda','Fiorentino',235),
	('Nicolas','Cage',240),
	('Lara Flynn','Boyle',241),
	('J.T.','Walsh',239),
	('Robert','Duvall',246),
	('Martin','Sheen',247),
	('Laurence','Fishburne',245),
	('Jean-Marc','Barr',249),
	('Jean','Reno',250),
	('Rosanna','Arquette',252),
	('Luc','Besson',251),
	('Patrick','Fontana',248),
	('Jean-Claude','Lecas',259),
	('Jimmy','Blanche',258),
	('Christophe','Lambert',257),
	('Michel','Galabru',255),
	('Isabelle','Adjani',256),
	('Richard','Bohringer',254),
	('Jean-Pierre','Bacri',253),
	('Wilhelmenia','Fernandez',260),
	('Daniel','Stern',280),
	('Steve','Guttenberg',279),
	('Barry','Levinson',277),
	('Paul','Reiser',276),
	('Timothy','Daly',278),
	('Kevin','Bacon',275),
	('Michael','Tucker',273),
	('Kathyrn','Dowling',272),
	('Ellen','Barkin',271),
	('Mickey','Rourke',274),
	('Alain','Cathi',282),
	('Tch','Karyo',284),
	('Anne','Parillaud',283),
	('Marc','Duret',281),
	('Joe','Pesci',288),
	('Lorraine','Bracco',290),
	('Ray','Liotta',287),
	('Paul','Sorvino',289),
	('Martin','Scorsese',285),
	('Samuel L.','Jackson',286),
	('Twiggy','Lawson',2),
	('Cab','Calloway',1),
	('Ray','Charles',299),
	('John','Landis',0),
	('Dan','Aykroyd',298),
	('John','Belushi',297),
	('Paul','Reubens',296),
	('John','Candy',295),
	('Chaka','Kahn',293),
	('James','Brown',292),
	('Aretha','Franklin',291),
	('John','Hughes',308),
	('Amy','Madigan',307),
	('Jean Louisa','Kelley',305),
	('Macaulay','Culkin',306),
	('Gaby','Hoffmann',303),
	('Jay D.','Underwood',304),
	('Malik','Yoba',313),
	('Rawle D.','Lewis',312),
	('Jon','Turteltaub',310),
	('Doug E.','Doug',311),
	('Derice','Bannock',309),
	('Michael Emmet','Walsh',319),
	('Edward James','Olmos',318),
	('Daryl','Hannah',317),
	('Sean','Young',316),
	('Ridley','Scott',315),
	('Rutger','Hauer',314),
	('Kim','Walker',325),
	('Winona','Ryder',324),
	('Christian','Slater',323),
	('Lisanne','Falk',322),
	('Shannen','Doherty',321),
	('Michael','Lehmann',320),
	('Bob','Eubanks',328),
	('Pat','Boone',326),
	('Roger','Smith',329),
	('Michael','Moore',327),
	('Chick','Hearn',335),
	('Geena','Davis',338),
	('Joe Don','Baker',337),
	('Kareem','Abdul-Jabbar',333),
	('Tim','Matheson',336),
	('Michael','Ritchie',332),
	('Dana','Wheeler-Nicholson',334),
	('George','Wendt',331),
	('Chevy','Chase',330),
	('John','Houston',342),
	('Jack','Nicholson',341),
	('Perry','Lopez',340),
	('Faye','Dunaway',339),
	('Andy','Garcia',347),
	('Charles Martin','Smith',346),
	('Sean','Connery',345),
	('Kevin','Costner',344),
	('Brian','DePalma',343),
	('Billy','Crystal',351),
	('Bruno','Kirby',348),
	('Meg','Ryan',350),
	('Rob','Reiner',349),
	('Linus','Roache',359),
	('Lesley','Sharp',361),
	('Antonia','Bird',360),
	('Matyelok','Gibbs',358),
	('Christine','Tremarco',355),
	('Cathy','Tyson',357),
	('Robert','Pugh',352),
	('James','Ellis',354),
	('Tom','Wilkinson',356),
	('Robert','Carlyle',353),
	('Susan','Sarandon',364),
	('Gillian','Armstrong',363),
	('Christian','Bale',362),
	('Miranda','Richardson',365),
	('John','Malkovich',366),
	('Chris','Sarandon',383),
	('Mandy','Patinkin',386),
	('Wallace','Shawn',385),
	('Peter','Cook',384),
	('Peter','Falk',381),
	('Andre the Giant','Andre the Giant',380),
	('Robin','Wright',379),
	('Fred','Savage',378),
	('Christopher','Guest',382),
	('Cary','Elwes',377),
	('Carol','Kane',392),
	('Paul','Badger',390),
	('Betsy','Brantley',394),
	('Anne','Dyson',389),
	('Margery','Mason',393),
	('Malcolm','Storry',391),
	('Willoughby','Gray',388),
	('Mel','Smith',387),
	('Tom','Hanks',395),
	('Tim','Allen',396),
	('John','Lasseter',397),
	('Veronica','Cartwright',402),
	('Harry Dean','Stanton',403),
	('Ian','Holm',400),
	('Sigourney','Weaver',399),
	('Tom','Skerritt',398),
	('John','Hurt',401),
	('Arnold','Schwarzenegger',405),
	('Linda','Hamilton',404),
	('Michael','Biehn',406),
	('James','Cameron',407),
	('Antonio','Vargas',412),
	('Barry','Otto',415),
	('Bill','Hunter',413),
	('Paul','Mercurio',416),
	('Sonia','Kruger',409),
	('Peter','Whitford',414),
	('Gia','Carides',411),
	('Tara','Morice',410),
	('Pat','Thompson',408),
	('Jessica','Lange',422),
	('Sydney','Pollack',421),
	('Dabney','Coleman',419),
	('Bill','Murray',418),
	('Teri','Garr',420),
	('Dustin','Hoffman',417),
	('Tim','Roth',425),
	('Quentin','Tarantino',426),
	('Amanda','Plummer',429),
	('Uma','Thurman',430),
	('John','Travolta',431),
	('Harvey','Keitel',428),
	('Bruce','Willis',427),
	('Holly','Hunter',433),
	('Jane','Campion',432),
	('Anna','Paquin',434),
	('Richard','Attenborough',437),
	('Jeff','Goldblum',438),
	('Steven','Spielberg',435),
	('Laura','Dern',436),
	('Embeth','Davidtz',450),
	('Ben','Kingsley',449),
	('Ralph','Fiennes',448),
	('Liam','Neeson',447),
	('Stephen','Furst',453),
	('Tom','Hulce',451),
	('Donald','Sutherland',452),
	('Andre','Gregory',455),
	('Louis','Malle',454),
	('Gordon','Warnecke',458),
	('Stephen','Frears',457),
	('Daniel','Day-Lewis',456),
	('Miou-Miou','',463),
	('Isabelle','Huppert',462),
	('Diane','Kurys',464),
	('Ellen','Burstyn',471),
	('Cybill','Shepherd',468),
	('Timothy','Bottoms',469),
	('Cloris','Leachman',470),
	('Nick','Castle',465),
	('Ben','Johnson',466),
	('Jeff','Bridges',467),
	('Kiefer','Sutherland',477),
	('Jerry','O\'Connell',476),
	('Wil','Wheaton',475),
	('River','Pheonix',474),
	('Corey','Feldman',473),
	('John','Cusack',472),
	('Gus','Van Sant Jr.',479),
	('Keanu','Reeves',478),
	('David','Lynch',482),
	('Isabella','Rossellini',481),
	('Kyle','MacLachlan',480),
	('Pupella','Maggio',485),
	('Federico','Fellini',484),
	('Magali','Noel',486),
	('Bruno','Zanin',483),
	('Michael','Ironside',490),
	('Sharon','Stone',488),
	('Paul','Verhoeven',491),
	('Ronny','Cox',489),
	('Rachel','Ticotin',487),
	('Peter','Weir',494),
	('Mel','Gibson',493),
	('Linda','Hunt',492),
	('Annette','Bening',495),
	('Anjelica','Huston',496),
	('Ingmar','Bergman',501),
	('Liv','Ullmann',500),
	('Ingrid','Thulin',499),
	('Harriet','Andersson',498),
	('Kari','Sylwan',497),
	('Patricia','Charbonneau',505),
	('Helen','Shaver',503),
	('Donna','Deitch',504),
	('Audra','Lindley',502),
	('Tracy Camilla','Johns',509),
	('Spike','Lee',508),
	('Tommy Redmond','Hicks',507),
	('John Canada','Terrell',506),
	('Richard','Edson',516),
	('Giancarlo','Esposito',515),
	('Joie','Lee',513),
	('Rosie','Perez',514),
	('Ozzie','Davis',511),
	('Danny','Aiello',512),
	('Ruby','Dee',510),
	('Christopher','McDonald',518),
	('Michael','Madsen',519),
	('Brad','Pitt',517),
	('Whoopi','Goldberg',523),
	('Tim','Robbins',525),
	('Peter','Gallagher',524),
	('Fred','Ward',521),
	('Greta','Scacchi',520),
	('Robert','Altman',522),
	('Alan J.','Pakula',527),
	('Jane','Fonda',526),
	('Charlotte','Stewart',529),
	('Jack','Nance',528),
	('Alfred','Molina',532),
	('Vanessa','Redgrave',530),
	('Gary','Oldman',531),
	('Pamela','Franklin',536),
	('Robert','Stephens',533),
	('Maggie','Smith',535),
	('Ronald','Neame',534),
	('Albert','Brooks',539),
	('Peter','Boyle',537),
	('Jodie','Foster',538),
	('Madeline','Kahn',542),
	('Mel','Brooks',543),
	('Gene','Wilder',541),
	('Marty','Feldman',540),
	('Orson','Welles',553),
	('Joseph','Cotten',551),
	('Trevor','Howard',549),
	('Alida','Valli',550),
	('Carol','Reed',552),
	('Peter','Bogdanovich',554),
	('Alfred','Hitchcock',557),
	('Claude','Rains',556),
	('Cary','Grant',555),
	('Dorothy','Comingore',559),
	('Agnes','Moorehead',558),
	('Katharine','Hepburn',562),
	('James','Stewart',561),
	('George','Cukor',560),
	('Jason','Robards',565),
	('Claudia','Cardinale',567),
	('Charles','Bronson',566),
	('Henry','Fonda',564),
	('Sergio','Leone',563),
	('Theresa','Russell',570),
	('Nicholas','Roeg',569),
	('Bela','Lugosi',576),
	('Tor','Johnson',573),
	('Edward D.','Wood Jr.',574),
	('Mona','McKinnon',572),
	('Vampira','',575),
	('Gregory','Walcott',571),
	('Amel','Mohamed',592),
	('Toni','Trujillo-Vian',593),
	('Brian','Kusler',628),
	('Kelly','Hawk',594),
	('Ben','Haller',595),
	('Patrice','Gautier',596),
	('Umarani','Varadarajan',597),
	('Michael','Rawdon',598),
	('Tom','Naughton',599),
	('Kelly','Toshach',600),
	('Clif','Liu',601),
	('Daryl','Lee',602),
	('Melissa','Turner',603),
	('Justin','Gareau',604),
	('Ray','Kiddy',605),
	('Michael','Leong',606),
	('Andreas','Wendker',607),
	('Michael','Kaye',608),
	('Ron','Lue-Sang',609),
	('R.D.','Willhoite',610),
	('Miguel','Sanchez',611),
	('J.P.','Garcia',612),
	('Kory','Hansen',613),
	('Greg','Wilson',614),
	('Ben','Trumbull',615),
	('Francois','Jouaux',616),
	('Andy','Belk',617),
	('Chuck','Fleming',618),
	('Stan','Jirman',619),
	('Stephane','Lunati',620),
	('Cyndie','Homuth',621),
	('Steve','Miner',622),
	('Bruce','Arthur',623),
	('Rory','Lydon',624),
	('Eric','Noyau',625),
	('Ben','R',626),
	('Krzysztof','Kieslowski',627),
	('Harrison','Ford',87),
	('George','Lucas',88),
	('Mark','Hammil',86),
	('Marlon','Brando',93),
	('Dianne','Keaton',92),
	('Francis Ford','Copola',91),
	('Al','Pacino',90),
	('Humphrey','Bogart',100),
	('Michael','Curtiz',99),
	('Ingrid','Bergman',101),
	('Sidney','Greenstreet',102),
	('Peter','Lorre',103),
	('Fritz','Lang',107),
	('Sue','Lyon',111),
	('Peter','Sellers',113),
	('Shelley','Winters',112),
	('James','Mason',110),
	('Stanley','Kubrick',109),
	('Martin','Ritt',114),
	('Paul','Newman',115),
	('Simone','Signoret',124),
	('Rick','Moranis',117),
	('Dave','Thomas',118),
	('Max','Von Sydow',119),
	('Carrie','Fisher',120),
	('Karen','Allen',121),
	('Vera','Clouzot',125),
	('Henri-Georges','Clouzot',127),
	('Michel','Serrault',126),
	('Paul','Meurisse',123),
	('Charles','Vanel',122),
	('Jean-Marie','Poir',138),
	('An','',137),
	('Josianne','Balasko',139),
	('Christian','Clavier',141),
	('G','Jugnot',143),
	('Marie-Anne','Chazel',144),
	('Claire','Magnin',147),
	('Martin','Lamotte',146),
	('Jacques','Fran',145),
	('Bruno','Moynot',142),
	('Thierry','Lhermitte',140),
	('Dominique','Pinon',158),
	('Silvie','Laguna',154),
	('Justine','Saunders',152),
	('Marc','Caro',151),
	('Jean-Claude','Dreyfus',157),
	('Jean-Fran','Perrier',153),
	('Marie-Laure','Dougnac',155),
	('Jean-Pierre','Jeunet',156),
	('Ticky','Holgado',150),
	('Anne-Marie','Pisani',149),
	('Karin','Viard',148),
	('Dennis','Hopper',163),
	('David','Anspaugh',164),
	('Barbara','Hershey',162),
	('Gene','Hackman',161),
	('Solveig','Dommartin',182),
	('William','Hurt',189),
	('Enzo','Turrin',201),
	('Pietro','Falcone',197),
	('Ernest','Berk',203),
	('Naoto','Takenaka',202),
	('Chalie','McMahon',204),
	('Kuniko','Miyake',199),
	('Jeanne','Moreau',200),
	('Bart','Willoughby',198),
	('Detlef','Winterberg',194),
	('Elena','Smirnova',196),
	('Yugi','Ogata',183),
	('Zhang','Jinzan',193),
	('Eddy','Mitchell',195),
	('Susan','Leith',186),
	('Chick','Ortega',192),
	('Christine','Osterlein',187),
	('Paul','Livingston',185),
	('Jimmy','Little',188),
	('Ruediger','Vogler',179),
	('Diogo','Doria',190),
	('Alec','Jason',175),
	('Alfred','Lynch',178),
	('Fabrice','Luchini',212),
	('David','Gulpilil',184),
	('Miwako','Fujitani',171),
	('Amalia','Rodriguez',173),
	('Kylie','Belling',176),
	('Jean-Charles','Dumay',181),
	('Ernie','Dingo',180),
	('Fred','Walsh',170),
	('Adelle','Lutz',177),
	('Lauren','Graham',169),
	('Hiroshi','Kanbe',166),
	('Lois','Chiles',174),
	('Rhoda','Roberts',172),
	('Allen','Garfield',168),
	('Sam','Neil',167),
	('Wim','Wenders',165),
	('Isiah','Thomas',208),
	('Steve','James',207),
	('William','Gates',206),
	('Arthur','Agee',205),
	('Christian','Vincent',210),
	('Judith','Henry',213),
	('Maurice','Garrel',211),
	('Marie','Bunel',209),
	('Emmanuelle','Seigner',215),
	('Roman','Polanski',216),
	('Betty','Buckley',214),
	('Jean-Hugues','Anglade',217),
	('Jean-Jacques','Beineix',218),
	('B','Dalle',220),
	('G','Darmont',223),
	('Consuelo','De Haviland',222),
	('Cl','C',221),
	('Jacques','Mathou',219),
	('William','Petersen',227),
	('Michael','Mann',228),
	('Dennis','Farina',226),
	('Brian','Cox',225),
	('Dan','Butler',224),
	('Martin','Brest',232),
	('Yaphet','Kotto',233),
	('Charles','Grodin',234),
	('John','Ashton',231),
	('Robert','De Niro',230),
	('Joe','Pantoliano',229),
	('Peter','Berg',238),
	('Bill','Pullman',236),
	('John','Dahl',237),
	('Linda','Fiorentino',235),
	('Nicolas','Cage',240),
	('Lara Flynn','Boyle',241),
	('J.T.','Walsh',239),
	('Robert','Duvall',246),
	('Martin','Sheen',247),
	('Laurence','Fishburne',245),
	('Jean-Marc','Barr',249),
	('Jean','Reno',250),
	('Rosanna','Arquette',252),
	('Luc','Besson',251),
	('Patrick','Fontana',248),
	('Jean-Claude','Lecas',259),
	('Jimmy','Blanche',258),
	('Christophe','Lambert',257),
	('Michel','Galabru',255),
	('Isabelle','Adjani',256),
	('Richard','Bohringer',254),
	('Jean-Pierre','Bacri',253),
	('Wilhelmenia','Fernandez',260),
	('Daniel','Stern',280),
	('Steve','Guttenberg',279),
	('Barry','Levinson',277),
	('Paul','Reiser',276),
	('Timothy','Daly',278),
	('Kevin','Bacon',275),
	('Michael','Tucker',273),
	('Kathyrn','Dowling',272),
	('Ellen','Barkin',271),
	('Mickey','Rourke',274),
	('Alain','Cathi',282),
	('Tch','Karyo',284),
	('Anne','Parillaud',283),
	('Marc','Duret',281),
	('Joe','Pesci',288),
	('Lorraine','Bracco',290),
	('Ray','Liotta',287),
	('Paul','Sorvino',289),
	('Martin','Scorsese',285),
	('Samuel L.','Jackson',286),
	('Twiggy','Lawson',2),
	('Cab','Calloway',1),
	('Ray','Charles',299),
	('John','Landis',0),
	('Dan','Aykroyd',298),
	('John','Belushi',297),
	('Paul','Reubens',296),
	('John','Candy',295),
	('Chaka','Kahn',293),
	('James','Brown',292),
	('Aretha','Franklin',291),
	('John','Hughes',308),
	('Amy','Madigan',307),
	('Jean Louisa','Kelley',305),
	('Macaulay','Culkin',306),
	('Gaby','Hoffmann',303),
	('Jay D.','Underwood',304),
	('Malik','Yoba',313),
	('Rawle D.','Lewis',312),
	('Jon','Turteltaub',310),
	('Doug E.','Doug',311),
	('Derice','Bannock',309),
	('Michael Emmet','Walsh',319),
	('Edward James','Olmos',318),
	('Daryl','Hannah',317),
	('Sean','Young',316),
	('Ridley','Scott',315),
	('Rutger','Hauer',314),
	('Kim','Walker',325),
	('Winona','Ryder',324),
	('Christian','Slater',323),
	('Lisanne','Falk',322),
	('Shannen','Doherty',321),
	('Michael','Lehmann',320),
	('Bob','Eubanks',328),
	('Pat','Boone',326),
	('Roger','Smith',329),
	('Michael','Moore',327),
	('Chick','Hearn',335),
	('Geena','Davis',338),
	('Joe Don','Baker',337),
	('Kareem','Abdul-Jabbar',333),
	('Tim','Matheson',336),
	('Michael','Ritchie',332),
	('Dana','Wheeler-Nicholson',334),
	('George','Wendt',331),
	('Chevy','Chase',330),
	('John','Houston',342),
	('Jack','Nicholson',341),
	('Perry','Lopez',340),
	('Faye','Dunaway',339),
	('Andy','Garcia',347),
	('Charles Martin','Smith',346),
	('Sean','Connery',345),
	('Kevin','Costner',344),
	('Brian','DePalma',343),
	('Billy','Crystal',351),
	('Bruno','Kirby',348),
	('Meg','Ryan',350),
	('Rob','Reiner',349),
	('Linus','Roache',359),
	('Lesley','Sharp',361),
	('Antonia','Bird',360),
	('Matyelok','Gibbs',358),
	('Christine','Tremarco',355),
	('Cathy','Tyson',357),
	('Robert','Pugh',352),
	('James','Ellis',354),
	('Tom','Wilkinson',356),
	('Robert','Carlyle',353),
	('Susan','Sarandon',364),
	('Gillian','Armstrong',363),
	('Christian','Bale',362),
	('Miranda','Richardson',365),
	('John','Malkovich',366),
	('Chris','Sarandon',383),
	('Mandy','Patinkin',386),
	('Wallace','Shawn',385),
	('Peter','Cook',384),
	('Peter','Falk',381),
	('Andre the Giant','Andre the Giant',380),
	('Robin','Wright',379),
	('Fred','Savage',378),
	('Christopher','Guest',382),
	('Cary','Elwes',377),
	('Carol','Kane',392),
	('Paul','Badger',390),
	('Betsy','Brantley',394),
	('Anne','Dyson',389),
	('Margery','Mason',393),
	('Malcolm','Storry',391),
	('Willoughby','Gray',388),
	('Mel','Smith',387),
	('Tom','Hanks',395),
	('Tim','Allen',396),
	('John','Lasseter',397),
	('Veronica','Cartwright',402),
	('Harry Dean','Stanton',403),
	('Ian','Holm',400),
	('Sigourney','Weaver',399),
	('Tom','Skerritt',398),
	('John','Hurt',401),
	('Arnold','Schwarzenegger',405),
	('Linda','Hamilton',404),
	('Michael','Biehn',406),
	('James','Cameron',407),
	('Antonio','Vargas',412),
	('Barry','Otto',415),
	('Bill','Hunter',413),
	('Paul','Mercurio',416),
	('Sonia','Kruger',409),
	('Peter','Whitford',414),
	('Gia','Carides',411),
	('Tara','Morice',410),
	('Pat','Thompson',408),
	('Jessica','Lange',422),
	('Sydney','Pollack',421),
	('Dabney','Coleman',419),
	('Bill','Murray',418),
	('Teri','Garr',420),
	('Dustin','Hoffman',417),
	('Tim','Roth',425),
	('Quentin','Tarantino',426),
	('Amanda','Plummer',429),
	('Uma','Thurman',430),
	('John','Travolta',431),
	('Harvey','Keitel',428),
	('Bruce','Willis',427),
	('Holly','Hunter',433),
	('Jane','Campion',432),
	('Anna','Paquin',434),
	('Richard','Attenborough',437),
	('Jeff','Goldblum',438),
	('Steven','Spielberg',435),
	('Laura','Dern',436),
	('Embeth','Davidtz',450),
	('Ben','Kingsley',449),
	('Ralph','Fiennes',448),
	('Liam','Neeson',447),
	('Stephen','Furst',453),
	('Tom','Hulce',451),
	('Donald','Sutherland',452),
	('Andre','Gregory',455),
	('Louis','Malle',454),
	('Gordon','Warnecke',458),
	('Stephen','Frears',457),
	('Daniel','Day-Lewis',456),
	('Miou-Miou','',463),
	('Isabelle','Huppert',462),
	('Diane','Kurys',464),
	('Ellen','Burstyn',471),
	('Cybill','Shepherd',468),
	('Timothy','Bottoms',469),
	('Cloris','Leachman',470),
	('Nick','Castle',465),
	('Ben','Johnson',466),
	('Jeff','Bridges',467),
	('Kiefer','Sutherland',477),
	('Jerry','O\'Connell',476),
	('Wil','Wheaton',475),
	('River','Pheonix',474),
	('Corey','Feldman',473),
	('John','Cusack',472),
	('Gus','Van Sant Jr.',479),
	('Keanu','Reeves',478),
	('David','Lynch',482),
	('Isabella','Rossellini',481),
	('Kyle','MacLachlan',480),
	('Pupella','Maggio',485),
	('Federico','Fellini',484),
	('Magali','Noel',486),
	('Bruno','Zanin',483),
	('Michael','Ironside',490),
	('Sharon','Stone',488),
	('Paul','Verhoeven',491),
	('Ronny','Cox',489),
	('Rachel','Ticotin',487),
	('Peter','Weir',494),
	('Mel','Gibson',493),
	('Linda','Hunt',492),
	('Annette','Bening',495),
	('Anjelica','Huston',496),
	('Ingmar','Bergman',501),
	('Liv','Ullmann',500),
	('Ingrid','Thulin',499),
	('Harriet','Andersson',498),
	('Kari','Sylwan',497),
	('Patricia','Charbonneau',505),
	('Helen','Shaver',503),
	('Donna','Deitch',504),
	('Audra','Lindley',502),
	('Tracy Camilla','Johns',509),
	('Spike','Lee',508),
	('Tommy Redmond','Hicks',507),
	('John Canada','Terrell',506),
	('Richard','Edson',516),
	('Giancarlo','Esposito',515),
	('Joie','Lee',513),
	('Rosie','Perez',514),
	('Ozzie','Davis',511),
	('Danny','Aiello',512),
	('Ruby','Dee',510),
	('Christopher','McDonald',518),
	('Michael','Madsen',519),
	('Brad','Pitt',517),
	('Whoopi','Goldberg',523),
	('Tim','Robbins',525),
	('Peter','Gallagher',524),
	('Fred','Ward',521),
	('Greta','Scacchi',520),
	('Robert','Altman',522),
	('Alan J.','Pakula',527),
	('Jane','Fonda',526),
	('Charlotte','Stewart',529),
	('Jack','Nance',528),
	('Alfred','Molina',532),
	('Vanessa','Redgrave',530),
	('Gary','Oldman',531),
	('Pamela','Franklin',536),
	('Robert','Stephens',533),
	('Maggie','Smith',535),
	('Ronald','Neame',534),
	('Albert','Brooks',539),
	('Peter','Boyle',537),
	('Jodie','Foster',538),
	('Madeline','Kahn',542),
	('Mel','Brooks',543),
	('Gene','Wilder',541),
	('Marty','Feldman',540),
	('Orson','Welles',553),
	('Joseph','Cotten',551),
	('Trevor','Howard',549),
	('Alida','Valli',550),
	('Carol','Reed',552),
	('Peter','Bogdanovich',554),
	('Alfred','Hitchcock',557),
	('Claude','Rains',556),
	('Cary','Grant',555),
	('Dorothy','Comingore',559),
	('Agnes','Moorehead',558),
	('Katharine','Hepburn',562),
	('James','Stewart',561),
	('George','Cukor',560),
	('Jason','Robards',565),
	('Claudia','Cardinale',567),
	('Charles','Bronson',566),
	('Henry','Fonda',564),
	('Sergio','Leone',563),
	('Theresa','Russell',570),
	('Nicholas','Roeg',569),
	('Bela','Lugosi',576),
	('Tor','Johnson',573),
	('Edward D.','Wood Jr.',574),
	('Mona','McKinnon',572),
	('Vampira','',575),
	('Gregory','Walcott',571),
	('Amel','Mohamed',592),
	('Toni','Trujillo-Vian',593),
	('Brian','Kusler',628),
	('Kelly','Hawk',594),
	('Ben','Haller',595),
	('Patrice','Gautier',596),
	('Umarani','Varadarajan',597),
	('Michael','Rawdon',598),
	('Tom','Naughton',599),
	('Kelly','Toshach',600),
	('Clif','Liu',601),
	('Daryl','Lee',602),
	('Melissa','Turner',603),
	('Justin','Gareau',604),
	('Ray','Kiddy',605),
	('Michael','Leong',606),
	('Andreas','Wendker',607),
	('Michael','Kaye',608),
	('Ron','Lue-Sang',609),
	('R.D.','Willhoite',610),
	('Miguel','Sanchez',611),
	('J.P.','Garcia',612),
	('Kory','Hansen',613),
	('Greg','Wilson',614),
	('Ben','Trumbull',615),
	('Francois','Jouaux',616),
	('Andy','Belk',617),
	('Chuck','Fleming',618),
	('Stan','Jirman',619),
	('Stephane','Lunati',620),
	('Cyndie','Homuth',621),
	('Steve','Miner',622),
	('Bruce','Arthur',623),
	('Rory','Lydon',624),
	('Eric','Noyau',625),
	('Ben','R',626),
	('Krzysztof','Kieslowski',627),
	('Harrison','Ford',87),
	('George','Lucas',88),
	('Mark','Hammil',86),
	('Marlon','Brando',93),
	('Dianne','Keaton',92),
	('Francis Ford','Copola',91),
	('Al','Pacino',90),
	('Humphrey','Bogart',100),
	('Michael','Curtiz',99),
	('Ingrid','Bergman',101),
	('Sidney','Greenstreet',102),
	('Peter','Lorre',103),
	('Fritz','Lang',107),
	('Sue','Lyon',111),
	('Peter','Sellers',113),
	('Shelley','Winters',112),
	('James','Mason',110),
	('Stanley','Kubrick',109),
	('Martin','Ritt',114),
	('Paul','Newman',115),
	('Simone','Signoret',124),
	('Rick','Moranis',117),
	('Dave','Thomas',118),
	('Max','Von Sydow',119),
	('Carrie','Fisher',120),
	('Karen','Allen',121),
	('Vera','Clouzot',125),
	('Henri-Georges','Clouzot',127),
	('Michel','Serrault',126),
	('Paul','Meurisse',123),
	('Charles','Vanel',122),
	('Jean-Marie','Poir',138),
	('An','',137),
	('Josianne','Balasko',139),
	('Christian','Clavier',141),
	('G','Jugnot',143),
	('Marie-Anne','Chazel',144),
	('Claire','Magnin',147),
	('Martin','Lamotte',146),
	('Jacques','Fran',145),
	('Bruno','Moynot',142),
	('Thierry','Lhermitte',140),
	('Dominique','Pinon',158),
	('Silvie','Laguna',154),
	('Justine','Saunders',152),
	('Marc','Caro',151),
	('Jean-Claude','Dreyfus',157),
	('Jean-Fran','Perrier',153),
	('Marie-Laure','Dougnac',155),
	('Jean-Pierre','Jeunet',156),
	('Ticky','Holgado',150),
	('Anne-Marie','Pisani',149),
	('Karin','Viard',148),
	('Dennis','Hopper',163),
	('David','Anspaugh',164),
	('Barbara','Hershey',162),
	('Gene','Hackman',161),
	('Solveig','Dommartin',182),
	('William','Hurt',189),
	('Enzo','Turrin',201),
	('Pietro','Falcone',197),
	('Ernest','Berk',203),
	('Naoto','Takenaka',202),
	('Chalie','McMahon',204),
	('Kuniko','Miyake',199),
	('Jeanne','Moreau',200),
	('Bart','Willoughby',198),
	('Detlef','Winterberg',194),
	('Elena','Smirnova',196),
	('Yugi','Ogata',183),
	('Zhang','Jinzan',193),
	('Eddy','Mitchell',195),
	('Susan','Leith',186),
	('Chick','Ortega',192),
	('Christine','Osterlein',187),
	('Paul','Livingston',185),
	('Jimmy','Little',188),
	('Ruediger','Vogler',179),
	('Diogo','Doria',190),
	('Alec','Jason',175),
	('Alfred','Lynch',178),
	('Fabrice','Luchini',212),
	('David','Gulpilil',184),
	('Miwako','Fujitani',171),
	('Amalia','Rodriguez',173),
	('Kylie','Belling',176),
	('Jean-Charles','Dumay',181),
	('Ernie','Dingo',180),
	('Fred','Walsh',170),
	('Adelle','Lutz',177),
	('Lauren','Graham',169),
	('Hiroshi','Kanbe',166),
	('Lois','Chiles',174),
	('Rhoda','Roberts',172),
	('Allen','Garfield',168),
	('Sam','Neil',167),
	('Wim','Wenders',165),
	('Isiah','Thomas',208),
	('Steve','James',207),
	('William','Gates',206),
	('Arthur','Agee',205),
	('Christian','Vincent',210),
	('Judith','Henry',213),
	('Maurice','Garrel',211),
	('Marie','Bunel',209),
	('Emmanuelle','Seigner',215),
	('Roman','Polanski',216),
	('Betty','Buckley',214),
	('Jean-Hugues','Anglade',217),
	('Jean-Jacques','Beineix',218),
	('B','Dalle',220),
	('G','Darmont',223),
	('Consuelo','De Haviland',222),
	('Cl','C',221),
	('Jacques','Mathou',219),
	('William','Petersen',227),
	('Michael','Mann',228),
	('Dennis','Farina',226),
	('Brian','Cox',225),
	('Dan','Butler',224),
	('Martin','Brest',232),
	('Yaphet','Kotto',233),
	('Charles','Grodin',234),
	('John','Ashton',231),
	('Robert','De Niro',230),
	('Joe','Pantoliano',229),
	('Peter','Berg',238),
	('Bill','Pullman',236),
	('John','Dahl',237),
	('Linda','Fiorentino',235),
	('Nicolas','Cage',240),
	('Lara Flynn','Boyle',241),
	('J.T.','Walsh',239),
	('Robert','Duvall',246),
	('Martin','Sheen',247),
	('Laurence','Fishburne',245),
	('Jean-Marc','Barr',249),
	('Jean','Reno',250),
	('Rosanna','Arquette',252),
	('Luc','Besson',251),
	('Patrick','Fontana',248),
	('Jean-Claude','Lecas',259),
	('Jimmy','Blanche',258),
	('Christophe','Lambert',257),
	('Michel','Galabru',255),
	('Isabelle','Adjani',256),
	('Richard','Bohringer',254),
	('Jean-Pierre','Bacri',253),
	('Wilhelmenia','Fernandez',260),
	('Daniel','Stern',280),
	('Steve','Guttenberg',279),
	('Barry','Levinson',277),
	('Paul','Reiser',276),
	('Timothy','Daly',278),
	('Kevin','Bacon',275),
	('Michael','Tucker',273),
	('Kathyrn','Dowling',272),
	('Ellen','Barkin',271),
	('Mickey','Rourke',274),
	('Alain','Cathi',282),
	('Tch','Karyo',284),
	('Anne','Parillaud',283),
	('Marc','Duret',281),
	('Joe','Pesci',288),
	('Lorraine','Bracco',290),
	('Ray','Liotta',287),
	('Paul','Sorvino',289),
	('Martin','Scorsese',285),
	('Samuel L.','Jackson',286),
	('Twiggy','Lawson',2),
	('Cab','Calloway',1),
	('Ray','Charles',299),
	('John','Landis',0),
	('Dan','Aykroyd',298),
	('John','Belushi',297),
	('Paul','Reubens',296),
	('John','Candy',295),
	('Chaka','Kahn',293),
	('James','Brown',292),
	('Aretha','Franklin',291),
	('John','Hughes',308),
	('Amy','Madigan',307),
	('Jean Louisa','Kelley',305),
	('Macaulay','Culkin',306),
	('Gaby','Hoffmann',303),
	('Jay D.','Underwood',304),
	('Malik','Yoba',313),
	('Rawle D.','Lewis',312),
	('Jon','Turteltaub',310),
	('Doug E.','Doug',311),
	('Derice','Bannock',309),
	('Michael Emmet','Walsh',319),
	('Edward James','Olmos',318),
	('Daryl','Hannah',317),
	('Sean','Young',316),
	('Ridley','Scott',315),
	('Rutger','Hauer',314),
	('Kim','Walker',325),
	('Winona','Ryder',324),
	('Christian','Slater',323),
	('Lisanne','Falk',322),
	('Shannen','Doherty',321),
	('Michael','Lehmann',320),
	('Bob','Eubanks',328),
	('Pat','Boone',326),
	('Roger','Smith',329),
	('Michael','Moore',327),
	('Chick','Hearn',335),
	('Geena','Davis',338),
	('Joe Don','Baker',337),
	('Kareem','Abdul-Jabbar',333),
	('Tim','Matheson',336),
	('Michael','Ritchie',332),
	('Dana','Wheeler-Nicholson',334),
	('George','Wendt',331),
	('Chevy','Chase',330),
	('John','Houston',342),
	('Jack','Nicholson',341),
	('Perry','Lopez',340),
	('Faye','Dunaway',339),
	('Andy','Garcia',347),
	('Charles Martin','Smith',346),
	('Sean','Connery',345),
	('Kevin','Costner',344),
	('Brian','DePalma',343),
	('Billy','Crystal',351),
	('Bruno','Kirby',348),
	('Meg','Ryan',350),
	('Rob','Reiner',349),
	('Linus','Roache',359),
	('Lesley','Sharp',361),
	('Antonia','Bird',360),
	('Matyelok','Gibbs',358),
	('Christine','Tremarco',355),
	('Cathy','Tyson',357),
	('Robert','Pugh',352),
	('James','Ellis',354),
	('Tom','Wilkinson',356),
	('Robert','Carlyle',353),
	('Susan','Sarandon',364),
	('Gillian','Armstrong',363),
	('Christian','Bale',362),
	('Miranda','Richardson',365),
	('John','Malkovich',366),
	('Chris','Sarandon',383),
	('Mandy','Patinkin',386),
	('Wallace','Shawn',385),
	('Peter','Cook',384),
	('Peter','Falk',381),
	('Andre the Giant','Andre the Giant',380),
	('Robin','Wright',379),
	('Fred','Savage',378),
	('Christopher','Guest',382),
	('Cary','Elwes',377),
	('Carol','Kane',392),
	('Paul','Badger',390),
	('Betsy','Brantley',394),
	('Anne','Dyson',389),
	('Margery','Mason',393),
	('Malcolm','Storry',391),
	('Willoughby','Gray',388),
	('Mel','Smith',387),
	('Tom','Hanks',395),
	('Tim','Allen',396),
	('John','Lasseter',397),
	('Veronica','Cartwright',402),
	('Harry Dean','Stanton',403),
	('Ian','Holm',400),
	('Sigourney','Weaver',399),
	('Tom','Skerritt',398),
	('John','Hurt',401),
	('Arnold','Schwarzenegger',405),
	('Linda','Hamilton',404),
	('Michael','Biehn',406),
	('James','Cameron',407),
	('Antonio','Vargas',412),
	('Barry','Otto',415),
	('Bill','Hunter',413),
	('Paul','Mercurio',416),
	('Sonia','Kruger',409),
	('Peter','Whitford',414),
	('Gia','Carides',411),
	('Tara','Morice',410),
	('Pat','Thompson',408),
	('Jessica','Lange',422),
	('Sydney','Pollack',421),
	('Dabney','Coleman',419),
	('Bill','Murray',418),
	('Teri','Garr',420),
	('Dustin','Hoffman',417),
	('Tim','Roth',425),
	('Quentin','Tarantino',426),
	('Amanda','Plummer',429),
	('Uma','Thurman',430),
	('John','Travolta',431),
	('Harvey','Keitel',428),
	('Bruce','Willis',427),
	('Holly','Hunter',433),
	('Jane','Campion',432),
	('Anna','Paquin',434),
	('Richard','Attenborough',437),
	('Jeff','Goldblum',438),
	('Steven','Spielberg',435),
	('Laura','Dern',436),
	('Embeth','Davidtz',450),
	('Ben','Kingsley',449),
	('Ralph','Fiennes',448),
	('Liam','Neeson',447),
	('Stephen','Furst',453),
	('Tom','Hulce',451),
	('Donald','Sutherland',452),
	('Andre','Gregory',455),
	('Louis','Malle',454),
	('Gordon','Warnecke',458),
	('Stephen','Frears',457),
	('Daniel','Day-Lewis',456),
	('Miou-Miou','',463),
	('Isabelle','Huppert',462),
	('Diane','Kurys',464),
	('Ellen','Burstyn',471),
	('Cybill','Shepherd',468),
	('Timothy','Bottoms',469),
	('Cloris','Leachman',470),
	('Nick','Castle',465),
	('Ben','Johnson',466),
	('Jeff','Bridges',467),
	('Kiefer','Sutherland',477),
	('Jerry','O\'Connell',476),
	('Wil','Wheaton',475),
	('River','Pheonix',474),
	('Corey','Feldman',473),
	('John','Cusack',472),
	('Gus','Van Sant Jr.',479),
	('Keanu','Reeves',478),
	('David','Lynch',482),
	('Isabella','Rossellini',481),
	('Kyle','MacLachlan',480),
	('Pupella','Maggio',485),
	('Federico','Fellini',484),
	('Magali','Noel',486),
	('Bruno','Zanin',483),
	('Michael','Ironside',490),
	('Sharon','Stone',488),
	('Paul','Verhoeven',491),
	('Ronny','Cox',489),
	('Rachel','Ticotin',487),
	('Peter','Weir',494),
	('Mel','Gibson',493),
	('Linda','Hunt',492),
	('Annette','Bening',495),
	('Anjelica','Huston',496),
	('Ingmar','Bergman',501),
	('Liv','Ullmann',500),
	('Ingrid','Thulin',499),
	('Harriet','Andersson',498),
	('Kari','Sylwan',497),
	('Patricia','Charbonneau',505),
	('Helen','Shaver',503),
	('Donna','Deitch',504),
	('Audra','Lindley',502),
	('Tracy Camilla','Johns',509),
	('Spike','Lee',508),
	('Tommy Redmond','Hicks',507),
	('John Canada','Terrell',506),
	('Richard','Edson',516),
	('Giancarlo','Esposito',515),
	('Joie','Lee',513),
	('Rosie','Perez',514),
	('Ozzie','Davis',511),
	('Danny','Aiello',512),
	('Ruby','Dee',510),
	('Christopher','McDonald',518),
	('Michael','Madsen',519),
	('Brad','Pitt',517),
	('Whoopi','Goldberg',523),
	('Tim','Robbins',525),
	('Peter','Gallagher',524),
	('Fred','Ward',521),
	('Greta','Scacchi',520),
	('Robert','Altman',522),
	('Alan J.','Pakula',527),
	('Jane','Fonda',526),
	('Charlotte','Stewart',529),
	('Jack','Nance',528),
	('Alfred','Molina',532),
	('Vanessa','Redgrave',530),
	('Gary','Oldman',531),
	('Pamela','Franklin',536),
	('Robert','Stephens',533),
	('Maggie','Smith',535),
	('Ronald','Neame',534),
	('Albert','Brooks',539),
	('Peter','Boyle',537),
	('Jodie','Foster',538),
	('Madeline','Kahn',542),
	('Mel','Brooks',543),
	('Gene','Wilder',541),
	('Marty','Feldman',540),
	('Orson','Welles',553),
	('Joseph','Cotten',551),
	('Trevor','Howard',549),
	('Alida','Valli',550),
	('Carol','Reed',552),
	('Peter','Bogdanovich',554),
	('Alfred','Hitchcock',557),
	('Claude','Rains',556),
	('Cary','Grant',555),
	('Dorothy','Comingore',559),
	('Agnes','Moorehead',558),
	('Katharine','Hepburn',562),
	('James','Stewart',561),
	('George','Cukor',560),
	('Jason','Robards',565),
	('Claudia','Cardinale',567),
	('Charles','Bronson',566),
	('Henry','Fonda',564),
	('Sergio','Leone',563),
	('Theresa','Russell',570),
	('Nicholas','Roeg',569),
	('Bela','Lugosi',576),
	('Tor','Johnson',573),
	('Edward D.','Wood Jr.',574),
	('Mona','McKinnon',572),
	('Vampira','',575),
	('Gregory','Walcott',571),
	('Amel','Mohamed',592),
	('Toni','Trujillo-Vian',593),
	('Brian','Kusler',628),
	('Kelly','Hawk',594),
	('Ben','Haller',595),
	('Patrice','Gautier',596),
	('Umarani','Varadarajan',597),
	('Michael','Rawdon',598),
	('Tom','Naughton',599),
	('Kelly','Toshach',600),
	('Clif','Liu',601),
	('Daryl','Lee',602),
	('Melissa','Turner',603),
	('Justin','Gareau',604),
	('Ray','Kiddy',605),
	('Michael','Leong',606),
	('Andreas','Wendker',607),
	('Michael','Kaye',608),
	('Ron','Lue-Sang',609),
	('R.D.','Willhoite',610),
	('Miguel','Sanchez',611),
	('J.P.','Garcia',612),
	('Kory','Hansen',613),
	('Greg','Wilson',614),
	('Ben','Trumbull',615),
	('Francois','Jouaux',616),
	('Andy','Belk',617),
	('Chuck','Fleming',618),
	('Stan','Jirman',619),
	('Stephane','Lunati',620),
	('Cyndie','Homuth',621),
	('Steve','Miner',622),
	('Bruce','Arthur',623),
	('Rory','Lydon',624),
	('Eric','Noyau',625),
	('Ben','R',626),
	('Krzysztof','Kieslowski',627);

/*!40000 ALTER TABLE `TALENT` ENABLE KEYS */;
UNLOCK TABLES;


# Dump of table TALENT_PHOTO
# ------------------------------------------------------------

DROP TABLE IF EXISTS `TALENT_PHOTO`;

CREATE TABLE `TALENT_PHOTO` (
  `PHOTO` longtext,
  `TALENT_ID` int(9) NOT NULL
) ENGINE=MyISAM DEFAULT CHARSET=utf8;

LOCK TABLES `TALENT_PHOTO` WRITE;
/*!40000 ALTER TABLE `TALENT_PHOTO` DISABLE KEYS */;
INSERT INTO `TALENT_PHOTO` (`PHOTO`,`TALENT_ID`)
VALUES
	(NULL,87),
	(NULL,88),
	(NULL,86),
	(NULL,93),
	(NULL,92),
	(NULL,91),
	(NULL,90),
	(NULL,100),
	(NULL,99),
	(NULL,101),
	(NULL,102),
	(NULL,103),
	(NULL,107),
	(NULL,111),
	(NULL,113),
	(NULL,112),
	(NULL,110),
	(NULL,109),
	(NULL,114),
	(NULL,115),
	(NULL,124),
	(NULL,117),
	(NULL,118),
	(NULL,119),
	(NULL,120),
	(NULL,121),
	(NULL,125),
	(NULL,127),
	(NULL,126),
	(NULL,123),
	(NULL,122),
	(NULL,138),
	(NULL,139),
	(NULL,141),
	(NULL,143),
	(NULL,144),
	(NULL,147),
	(NULL,146),
	(NULL,145),
	(NULL,142),
	(NULL,140),
	(NULL,158),
	(NULL,154),
	(NULL,152),
	(NULL,151),
	(NULL,157),
	(NULL,153),
	(NULL,155),
	(NULL,156),
	(NULL,150),
	(NULL,149),
	(NULL,148),
	(NULL,163),
	(NULL,164),
	(NULL,162),
	(NULL,161),
	(NULL,182),
	(NULL,189),
	(NULL,201),
	(NULL,197),
	(NULL,203),
	(NULL,202),
	(NULL,204),
	(NULL,199),
	(NULL,200),
	(NULL,198),
	(NULL,194),
	(NULL,196),
	(NULL,183),
	(NULL,193),
	(NULL,195),
	(NULL,186),
	(NULL,192),
	(NULL,187),
	(NULL,185),
	(NULL,188),
	(NULL,179),
	(NULL,190),
	(NULL,175),
	(NULL,178),
	(NULL,212),
	(NULL,184),
	(NULL,171),
	(NULL,173),
	(NULL,176),
	(NULL,181),
	(NULL,180),
	(NULL,170),
	(NULL,177),
	(NULL,169),
	(NULL,166),
	(NULL,174),
	(NULL,172),
	(NULL,168),
	(NULL,167),
	(NULL,165),
	(NULL,208),
	(NULL,207),
	(NULL,206),
	(NULL,205),
	(NULL,210),
	(NULL,213),
	(NULL,211),
	(NULL,209),
	(NULL,215),
	(NULL,216),
	(NULL,214),
	(NULL,217),
	(NULL,218),
	(NULL,220),
	(NULL,223),
	(NULL,222),
	(NULL,221),
	(NULL,219),
	(NULL,227),
	(NULL,228),
	(NULL,226),
	(NULL,225),
	(NULL,224),
	(NULL,232),
	(NULL,233),
	(NULL,234),
	(NULL,231),
	(NULL,230),
	(NULL,229),
	(NULL,238),
	(NULL,236),
	(NULL,237),
	(NULL,235),
	(NULL,240),
	(NULL,241),
	(NULL,239),
	(NULL,246),
	(NULL,245),
	(NULL,247),
	(NULL,252),
	(NULL,251),
	(NULL,248),
	(NULL,250),
	(NULL,254),
	(NULL,257),
	(NULL,258),
	(NULL,259),
	(NULL,255),
	(NULL,253),
	(NULL,256),
	(NULL,260),
	(NULL,276),
	(NULL,273),
	(NULL,271),
	(NULL,274),
	(NULL,277),
	(NULL,272),
	(NULL,280),
	(NULL,279),
	(NULL,275),
	(NULL,278),
	(NULL,282),
	(NULL,283),
	(NULL,284),
	(NULL,281),
	(NULL,286),
	(NULL,289),
	(NULL,288),
	(NULL,287),
	(NULL,290),
	(NULL,285),
	(NULL,297),
	(NULL,296),
	(NULL,295),
	(NULL,301),
	(NULL,452),
	(NULL,299),
	(NULL,298),
	(NULL,302),
	(NULL,291),
	(NULL,293),
	(NULL,292),
	(NULL,300),
	(NULL,304),
	(NULL,307),
	(NULL,305),
	(NULL,308),
	(NULL,306),
	(NULL,303),
	(NULL,311),
	(NULL,313),
	(NULL,310),
	(NULL,312),
	(NULL,309),
	(NULL,315),
	(NULL,314),
	(NULL,317),
	(NULL,318),
	(NULL,319),
	(NULL,316),
	(NULL,325),
	(NULL,321),
	(NULL,320),
	(NULL,322),
	(NULL,323),
	(NULL,324),
	(NULL,329),
	(NULL,326),
	(NULL,328),
	(NULL,327),
	(NULL,334),
	(NULL,336),
	(NULL,333),
	(NULL,331),
	(NULL,332),
	(NULL,335),
	(NULL,338),
	(NULL,337),
	(NULL,330),
	(NULL,339),
	(NULL,340),
	(NULL,342),
	(NULL,341),
	(NULL,343),
	(NULL,344),
	(NULL,345),
	(NULL,347),
	(NULL,346),
	(NULL,349),
	(NULL,348),
	(NULL,351),
	(NULL,350),
	(NULL,359),
	(NULL,353),
	(NULL,361),
	(NULL,360),
	(NULL,356),
	(NULL,355),
	(NULL,357),
	(NULL,358),
	(NULL,352),
	(NULL,354),
	(NULL,363),
	(NULL,364),
	(NULL,362),
	(NULL,366),
	(NULL,365),
	(NULL,377),
	(NULL,386),
	(NULL,378),
	(NULL,382),
	(NULL,380),
	(NULL,381),
	(NULL,385),
	(NULL,379),
	(NULL,384),
	(NULL,383),
	(NULL,390),
	(NULL,387),
	(NULL,394),
	(NULL,391),
	(NULL,388),
	(NULL,389),
	(NULL,393),
	(NULL,392),
	(NULL,396),
	(NULL,397),
	(NULL,395),
	(NULL,402),
	(NULL,398),
	(NULL,400),
	(NULL,401),
	(NULL,403),
	(NULL,399),
	(NULL,405),
	(NULL,406),
	(NULL,404),
	(NULL,407),
	(NULL,415),
	(NULL,414),
	(NULL,408),
	(NULL,410),
	(NULL,413),
	(NULL,412),
	(NULL,409),
	(NULL,411),
	(NULL,416),
	(NULL,417),
	(NULL,418),
	(NULL,421),
	(NULL,420),
	(NULL,419),
	(NULL,422),
	(NULL,425),
	(NULL,426),
	(NULL,427),
	(NULL,429),
	(NULL,430),
	(NULL,431),
	(NULL,428),
	(NULL,434),
	(NULL,432),
	(NULL,433),
	(NULL,435),
	(NULL,437),
	(NULL,436),
	(NULL,438),
	(NULL,448),
	(NULL,447),
	(NULL,449),
	(NULL,450),
	(NULL,451),
	(NULL,453),
	(NULL,455),
	(NULL,454),
	(NULL,456),
	(NULL,457),
	(NULL,458),
	(NULL,462),
	(NULL,464),
	(NULL,471),
	(NULL,470),
	(NULL,468),
	(NULL,466),
	(NULL,467),
	(NULL,465),
	(NULL,469),
	(NULL,473),
	(NULL,477),
	(NULL,476),
	(NULL,474),
	(NULL,472),
	(NULL,475),
	(NULL,479),
	(NULL,478),
	(NULL,481),
	(NULL,480),
	(NULL,482),
	(NULL,483),
	(NULL,484),
	(NULL,486),
	(NULL,485),
	(NULL,489),
	(NULL,487),
	(NULL,490),
	(NULL,488),
	(NULL,491),
	(NULL,492),
	(NULL,493),
	(NULL,494),
	(NULL,496),
	(NULL,495),
	(NULL,497),
	(NULL,498),
	(NULL,501),
	(NULL,500),
	(NULL,499),
	(NULL,505),
	(NULL,503),
	(NULL,504),
	(NULL,502),
	(NULL,506),
	(NULL,508),
	(NULL,507),
	(NULL,509),
	(NULL,511),
	(NULL,510),
	(NULL,515),
	(NULL,513),
	(NULL,514),
	(NULL,516),
	(NULL,512),
	(NULL,517),
	(NULL,518),
	(NULL,519),
	(NULL,524),
	(NULL,520),
	(NULL,523),
	(NULL,521),
	(NULL,525),
	(NULL,522),
	(NULL,526),
	(NULL,527),
	(NULL,529),
	(NULL,528),
	(NULL,531),
	(NULL,532),
	(NULL,530),
	(NULL,533),
	(NULL,534),
	(NULL,536),
	(NULL,535),
	(NULL,539),
	(NULL,537),
	(NULL,538),
	(NULL,541),
	(NULL,543),
	(NULL,542),
	(NULL,540),
	(NULL,549),
	(NULL,552),
	(NULL,553),
	(NULL,550),
	(NULL,551),
	(NULL,554),
	(NULL,556),
	(NULL,555),
	(NULL,557),
	(NULL,558),
	(NULL,559),
	(NULL,562),
	(NULL,560),
	(NULL,561),
	(NULL,567),
	(NULL,563),
	(NULL,566),
	(NULL,564),
	(NULL,565),
	(NULL,569),
	(NULL,570),
	(NULL,571),
	(NULL,574),
	(NULL,573),
	(NULL,576),
	(NULL,572),
	(NULL,137),
	(NULL,463),
	(NULL,575),
	(NULL,249),
	(NULL,591),
	(NULL,592),
	(NULL,593),
	(NULL,594),
	(NULL,595),
	(NULL,596),
	(NULL,597),
	(NULL,598),
	(NULL,599),
	(NULL,600),
	(NULL,601),
	(NULL,602),
	(NULL,603),
	(NULL,604),
	(NULL,605),
	(NULL,606),
	(NULL,607),
	(NULL,608),
	(NULL,609),
	(NULL,610),
	(NULL,611),
	(NULL,612),
	(NULL,613),
	(NULL,614),
	(NULL,615),
	(NULL,616),
	(NULL,617),
	(NULL,618),
	(NULL,619),
	(NULL,620),
	(NULL,621),
	(NULL,622),
	(NULL,623),
	(NULL,624),
	(NULL,625),
	(NULL,626),
	(NULL,627),
	(NULL,628);

/*!40000 ALTER TABLE `TALENT_PHOTO` ENABLE KEYS */;
UNLOCK TABLES;


# Dump of table UNIT
# ------------------------------------------------------------

DROP TABLE IF EXISTS `UNIT`;

CREATE TABLE `UNIT` (
  `DATE_ACQUIRED` datetime NOT NULL,
  `NOTES` char(255) DEFAULT NULL,
  `UNIT_ID` int(11) NOT NULL,
  `VIDEO_ID` int(11) NOT NULL
) ENGINE=MyISAM DEFAULT CHARSET=utf8;

LOCK TABLES `UNIT` WRITE;
/*!40000 ALTER TABLE `UNIT` DISABLE KEYS */;
INSERT INTO `UNIT` (`DATE_ACQUIRED`,`NOTES`,`UNIT_ID`,`VIDEO_ID`)
VALUES
	('1996-01-05 20:00:00',NULL,3,1),
	('1996-01-05 20:00:00',NULL,43,1),
	('1996-01-05 20:00:00',NULL,46,1),
	('1996-01-05 20:00:00',NULL,28,1),
	('1996-01-05 20:00:00',NULL,29,1),
	('1996-01-05 20:00:00',NULL,26,1),
	('1996-01-05 20:00:00',NULL,5,7),
	('1996-01-05 20:00:00',NULL,6,7),
	('1996-01-05 20:00:00',NULL,7,8),
	('1995-01-06 20:00:00',NULL,47,14),
	('1996-01-11 06:48:00',NULL,88,14),
	('1990-01-06 20:00:00',NULL,48,15),
	('1991-01-06 20:00:00',NULL,50,16),
	('1992-01-06 20:00:00',NULL,49,16),
	('1982-01-06 20:00:00',NULL,54,17),
	('1982-01-06 20:00:00',NULL,52,17),
	('1995-01-06 20:00:00',NULL,53,18),
	('1994-01-06 20:00:00',NULL,51,18),
	('1991-01-06 20:00:00',NULL,57,19),
	('1991-01-06 20:00:00',NULL,56,19),
	('1991-01-06 20:00:00',NULL,55,19),
	('1981-01-06 20:00:00',NULL,61,20),
	('1981-01-06 20:00:00',NULL,60,20),
	('1981-01-06 20:00:00',NULL,58,20),
	('1981-01-06 20:00:00',NULL,59,20),
	('1989-01-06 20:00:00',NULL,62,21),
	('1979-01-06 20:00:00',NULL,63,24),
	('1996-01-15 21:22:00',NULL,121,24),
	('1996-01-17 21:46:00',NULL,124,24),
	('1996-01-21 00:35:00',NULL,125,24),
	('1996-01-09 02:47:00',NULL,82,2),
	('1996-01-09 02:47:00',NULL,83,2),
	('1996-01-09 02:47:00',NULL,81,2),
	('1996-01-11 06:53:00',NULL,91,5),
	('1996-01-11 06:53:00',NULL,90,5),
	('1996-01-11 09:29:00','slightly warped',94,43),
	('1996-01-11 09:29:00',NULL,97,43),
	('1996-01-11 09:32:00','needs to be replaced',92,44),
	('1996-01-11 09:33:00',NULL,96,41),
	('1996-01-11 09:31:00',NULL,95,9),
	('1996-01-11 09:30:00',NULL,99,40),
	('1996-01-11 09:25:00',NULL,93,8),
	('1996-01-11 09:39:00',NULL,109,54),
	('1996-01-11 09:39:00','needs to be cleaned',106,54),
	('1996-01-11 09:39:00',NULL,107,54),
	('1996-01-11 09:39:00',NULL,101,54),
	('1996-01-11 09:43:00',NULL,115,51),
	('1996-01-11 09:43:00',NULL,112,51),
	('1996-01-11 09:35:00',NULL,108,53),
	('1996-01-11 09:41:00','needs to be replaced',104,50),
	('1996-01-11 09:38:00',NULL,118,49),
	('1996-01-11 09:38:00',NULL,114,49),
	('1996-01-11 09:38:00','cover is stained',105,49),
	('1996-01-11 09:38:00',NULL,103,49),
	('1996-01-11 09:38:00',NULL,102,49),
	('1996-01-11 09:40:00',NULL,100,48),
	('1996-01-11 09:40:00','slightly damaged',113,47),
	('1996-01-11 09:40:00',NULL,110,47),
	('1996-01-11 09:37:00','needs to be cleaned',117,45),
	('1996-01-13 07:04:00','torn cover',119,55),
	('1996-01-13 07:04:00',NULL,120,55),
	('1996-01-16 03:09:00',NULL,123,64),
	('1996-01-16 03:09:00',NULL,122,64),
	('1996-01-05 20:00:00',NULL,3,1),
	('1996-01-05 20:00:00',NULL,43,1),
	('1996-01-05 20:00:00',NULL,46,1),
	('1996-01-05 20:00:00',NULL,28,1),
	('1996-01-05 20:00:00',NULL,29,1),
	('1996-01-05 20:00:00',NULL,26,1),
	('1996-01-05 20:00:00',NULL,5,7),
	('1996-01-05 20:00:00',NULL,6,7),
	('1996-01-05 20:00:00',NULL,7,8),
	('1995-01-06 20:00:00',NULL,47,14),
	('1996-01-11 06:48:00',NULL,88,14),
	('1990-01-06 20:00:00',NULL,48,15),
	('1991-01-06 20:00:00',NULL,50,16),
	('1992-01-06 20:00:00',NULL,49,16),
	('1982-01-06 20:00:00',NULL,54,17),
	('1982-01-06 20:00:00',NULL,52,17),
	('1995-01-06 20:00:00',NULL,53,18),
	('1994-01-06 20:00:00',NULL,51,18),
	('1991-01-06 20:00:00',NULL,57,19),
	('1991-01-06 20:00:00',NULL,56,19),
	('1991-01-06 20:00:00',NULL,55,19),
	('1981-01-06 20:00:00',NULL,61,20),
	('1981-01-06 20:00:00',NULL,60,20),
	('1981-01-06 20:00:00',NULL,58,20),
	('1981-01-06 20:00:00',NULL,59,20),
	('1989-01-06 20:00:00',NULL,62,21),
	('1979-01-06 20:00:00',NULL,63,24),
	('1996-01-15 21:22:00',NULL,121,24),
	('1996-01-17 21:46:00',NULL,124,24),
	('1996-01-21 00:35:00',NULL,125,24),
	('1996-01-09 02:47:00',NULL,82,2),
	('1996-01-09 02:47:00',NULL,83,2),
	('1996-01-09 02:47:00',NULL,81,2),
	('1996-01-11 06:53:00',NULL,91,5),
	('1996-01-11 06:53:00',NULL,90,5),
	('1996-01-11 09:29:00','slightly warped',94,43),
	('1996-01-11 09:29:00',NULL,97,43),
	('1996-01-11 09:32:00','needs to be replaced',92,44),
	('1996-01-11 09:33:00',NULL,96,41),
	('1996-01-11 09:31:00',NULL,95,9),
	('1996-01-11 09:30:00',NULL,99,40),
	('1996-01-11 09:25:00',NULL,93,8),
	('1996-01-11 09:39:00',NULL,109,54),
	('1996-01-11 09:39:00','needs to be cleaned',106,54),
	('1996-01-11 09:39:00',NULL,107,54),
	('1996-01-11 09:39:00',NULL,101,54),
	('1996-01-11 09:43:00',NULL,115,51),
	('1996-01-11 09:43:00',NULL,112,51),
	('1996-01-11 09:35:00',NULL,108,53),
	('1996-01-11 09:41:00','needs to be replaced',104,50),
	('1996-01-11 09:38:00',NULL,118,49),
	('1996-01-11 09:38:00',NULL,114,49),
	('1996-01-11 09:38:00','cover is stained',105,49),
	('1996-01-11 09:38:00',NULL,103,49),
	('1996-01-11 09:38:00',NULL,102,49),
	('1996-01-11 09:40:00',NULL,100,48),
	('1996-01-11 09:40:00','slightly damaged',113,47),
	('1996-01-11 09:40:00',NULL,110,47),
	('1996-01-11 09:37:00','needs to be cleaned',117,45),
	('1996-01-13 07:04:00','torn cover',119,55),
	('1996-01-13 07:04:00',NULL,120,55),
	('1996-01-16 03:09:00',NULL,123,64),
	('1996-01-16 03:09:00',NULL,122,64),
	('1996-01-05 20:00:00',NULL,3,1),
	('1996-01-05 20:00:00',NULL,43,1),
	('1996-01-05 20:00:00',NULL,46,1),
	('1996-01-05 20:00:00',NULL,28,1),
	('1996-01-05 20:00:00',NULL,29,1),
	('1996-01-05 20:00:00',NULL,26,1),
	('1996-01-05 20:00:00',NULL,5,7),
	('1996-01-05 20:00:00',NULL,6,7),
	('1996-01-05 20:00:00',NULL,7,8),
	('1995-01-06 20:00:00',NULL,47,14),
	('1996-01-11 06:48:00',NULL,88,14),
	('1990-01-06 20:00:00',NULL,48,15),
	('1991-01-06 20:00:00',NULL,50,16),
	('1992-01-06 20:00:00',NULL,49,16),
	('1982-01-06 20:00:00',NULL,54,17),
	('1982-01-06 20:00:00',NULL,52,17),
	('1995-01-06 20:00:00',NULL,53,18),
	('1994-01-06 20:00:00',NULL,51,18),
	('1991-01-06 20:00:00',NULL,57,19),
	('1991-01-06 20:00:00',NULL,56,19),
	('1991-01-06 20:00:00',NULL,55,19),
	('1981-01-06 20:00:00',NULL,61,20),
	('1981-01-06 20:00:00',NULL,60,20),
	('1981-01-06 20:00:00',NULL,58,20),
	('1981-01-06 20:00:00',NULL,59,20),
	('1989-01-06 20:00:00',NULL,62,21),
	('1979-01-06 20:00:00',NULL,63,24),
	('1996-01-15 21:22:00',NULL,121,24),
	('1996-01-17 21:46:00',NULL,124,24),
	('1996-01-21 00:35:00',NULL,125,24),
	('1996-01-09 02:47:00',NULL,82,2),
	('1996-01-09 02:47:00',NULL,83,2),
	('1996-01-09 02:47:00',NULL,81,2),
	('1996-01-11 06:53:00',NULL,91,5),
	('1996-01-11 06:53:00',NULL,90,5),
	('1996-01-11 09:29:00','slightly warped',94,43),
	('1996-01-11 09:29:00',NULL,97,43),
	('1996-01-11 09:32:00','needs to be replaced',92,44),
	('1996-01-11 09:33:00',NULL,96,41),
	('1996-01-11 09:31:00',NULL,95,9),
	('1996-01-11 09:30:00',NULL,99,40),
	('1996-01-11 09:25:00',NULL,93,8),
	('1996-01-11 09:39:00',NULL,109,54),
	('1996-01-11 09:39:00','needs to be cleaned',106,54),
	('1996-01-11 09:39:00',NULL,107,54),
	('1996-01-11 09:39:00',NULL,101,54),
	('1996-01-11 09:43:00',NULL,115,51),
	('1996-01-11 09:43:00',NULL,112,51),
	('1996-01-11 09:35:00',NULL,108,53),
	('1996-01-11 09:41:00','needs to be replaced',104,50),
	('1996-01-11 09:38:00',NULL,118,49),
	('1996-01-11 09:38:00',NULL,114,49),
	('1996-01-11 09:38:00','cover is stained',105,49),
	('1996-01-11 09:38:00',NULL,103,49),
	('1996-01-11 09:38:00',NULL,102,49),
	('1996-01-11 09:40:00',NULL,100,48),
	('1996-01-11 09:40:00','slightly damaged',113,47),
	('1996-01-11 09:40:00',NULL,110,47),
	('1996-01-11 09:37:00','needs to be cleaned',117,45),
	('1996-01-13 07:04:00','torn cover',119,55),
	('1996-01-13 07:04:00',NULL,120,55),
	('1996-01-16 03:09:00',NULL,123,64),
	('1996-01-16 03:09:00',NULL,122,64);

/*!40000 ALTER TABLE `UNIT` ENABLE KEYS */;
UNLOCK TABLES;


# Dump of table VIDEO
# ------------------------------------------------------------

DROP TABLE IF EXISTS `VIDEO`;

CREATE TABLE `VIDEO` (
  `MOVIE_ID` int(11) NOT NULL,
  `RENTAL_TERMS_ID` int(11) NOT NULL,
  `VIDEO_ID` int(11) NOT NULL
) ENGINE=MyISAM DEFAULT CHARSET=utf8;

LOCK TABLES `VIDEO` WRITE;
/*!40000 ALTER TABLE `VIDEO` DISABLE KEYS */;
INSERT INTO `VIDEO` (`MOVIE_ID`,`RENTAL_TERMS_ID`,`VIDEO_ID`)
VALUES
	(121,13,1),
	(120,13,7),
	(118,13,8),
	(158,1,14),
	(128,13,15),
	(131,13,16),
	(115,13,17),
	(132,13,18),
	(142,13,19),
	(198,13,20),
	(144,13,21),
	(159,13,24),
	(102,1,32),
	(114,13,35),
	(146,13,43),
	(175,1,44),
	(171,13,41),
	(186,13,39),
	(190,13,40),
	(179,13,38),
	(169,1,54),
	(180,13,51),
	(203,13,53),
	(162,13,50),
	(164,1,49),
	(185,13,48),
	(187,13,47),
	(188,13,45),
	(135,13,55),
	(111,1,64),
	(121,13,1),
	(120,13,7),
	(118,13,8),
	(158,1,14),
	(128,13,15),
	(131,13,16),
	(115,13,17),
	(132,13,18),
	(142,13,19),
	(198,13,20),
	(144,13,21),
	(159,13,24),
	(102,1,32),
	(114,13,35),
	(146,13,43),
	(175,1,44),
	(171,13,41),
	(186,13,39),
	(190,13,40),
	(179,13,38),
	(169,1,54),
	(180,13,51),
	(203,13,53),
	(162,13,50),
	(164,1,49),
	(185,13,48),
	(187,13,47),
	(188,13,45),
	(135,13,55),
	(111,1,64),
	(121,13,1),
	(120,13,7),
	(118,13,8),
	(158,1,14),
	(128,13,15),
	(131,13,16),
	(115,13,17),
	(132,13,18),
	(142,13,19),
	(198,13,20),
	(144,13,21),
	(159,13,24),
	(102,1,32),
	(114,13,35),
	(146,13,43),
	(175,1,44),
	(171,13,41),
	(186,13,39),
	(190,13,40),
	(179,13,38),
	(169,1,54),
	(180,13,51),
	(203,13,53),
	(162,13,50),
	(164,1,49),
	(185,13,48),
	(187,13,47),
	(188,13,45),
	(135,13,55),
	(111,1,64);

/*!40000 ALTER TABLE `VIDEO` ENABLE KEYS */;
UNLOCK TABLES;


# Dump of table VOTING
# ------------------------------------------------------------

DROP TABLE IF EXISTS `VOTING`;

CREATE TABLE `VOTING` (
  `MOVIE_ID` int(9) NOT NULL,
  `NUMBER_OF_VOTES` int(9) DEFAULT NULL,
  `RUNNING_AVERAGE` float DEFAULT NULL
) ENGINE=MyISAM DEFAULT CHARSET=utf8;

LOCK TABLES `VOTING` WRITE;
/*!40000 ALTER TABLE `VOTING` DISABLE KEYS */;
INSERT INTO `VOTING` (`MOVIE_ID`,`NUMBER_OF_VOTES`,`RUNNING_AVERAGE`)
VALUES
	(102,24,5),
	(113,27,5),
	(111,27,5),
	(114,27,5),
	(115,28,5),
	(119,28,6),
	(120,29,6),
	(121,29,6),
	(124,0,6),
	(125,0,6),
	(126,0,6),
	(127,0,6),
	(128,1,6),
	(130,1,6),
	(131,1,6),
	(132,1,6),
	(133,2,6),
	(135,2,6),
	(136,2,6),
	(137,3,6),
	(138,3,6),
	(140,3,7),
	(141,4,7),
	(144,4,7),
	(145,5,7),
	(147,5,7),
	(148,5,7),
	(149,5,7),
	(150,6,7),
	(151,6,7),
	(152,6,7),
	(153,6,7),
	(154,7,7),
	(155,7,7),
	(158,8,7),
	(159,8,7),
	(160,8,8),
	(162,9,8),
	(164,9,8),
	(165,9,8),
	(166,9,8),
	(169,40,8),
	(170,40,8),
	(171,41,8),
	(172,41,8),
	(174,41,8),
	(176,42,8),
	(177,42,8),
	(178,42,8),
	(179,43,8),
	(180,43,8),
	(183,43,9),
	(184,44,9),
	(185,44,9),
	(186,44,9),
	(187,44,9),
	(189,45,9),
	(190,45,9),
	(191,45,9),
	(193,46,9),
	(194,46,9),
	(196,47,9),
	(197,47,9),
	(198,47,9),
	(200,47,9),
	(202,48,9),
	(203,48,10),
	(101,24,5),
	(146,5,7),
	(118,28,6),
	(103,25,5),
	(182,43,9),
	(192,46,9),
	(199,47,9),
	(157,7,7),
	(143,4,7),
	(188,45,9),
	(181,43,8),
	(175,42,8),
	(205,49,10),
	(129,1,6),
	(142,4,7),
	(206,NULL,NULL),
	(207,NULL,NULL),
	(210,NULL,NULL),
	(211,NULL,NULL),
	(214,NULL,NULL),
	(215,NULL,NULL),
	(102,24,5),
	(113,27,5),
	(111,27,5),
	(114,27,5),
	(115,28,5),
	(119,28,6),
	(120,29,6),
	(121,29,6),
	(124,0,6),
	(125,0,6),
	(126,0,6),
	(127,0,6),
	(128,1,6),
	(130,1,6),
	(131,1,6),
	(132,1,6),
	(133,2,6),
	(135,2,6),
	(136,2,6),
	(137,3,6),
	(138,3,6),
	(140,3,7),
	(141,4,7),
	(144,4,7),
	(145,5,7),
	(147,5,7),
	(148,5,7),
	(149,5,7),
	(150,6,7),
	(151,6,7),
	(152,6,7),
	(153,6,7),
	(154,7,7),
	(155,7,7),
	(158,8,7),
	(159,8,7),
	(160,8,8),
	(162,9,8),
	(164,9,8),
	(165,9,8),
	(166,9,8),
	(169,40,8),
	(170,40,8),
	(171,41,8),
	(172,41,8),
	(174,41,8),
	(176,42,8),
	(177,42,8),
	(178,42,8),
	(179,43,8),
	(180,43,8),
	(183,43,9),
	(184,44,9),
	(185,44,9),
	(186,44,9),
	(187,44,9),
	(189,45,9),
	(190,45,9),
	(191,45,9),
	(193,46,9),
	(194,46,9),
	(196,47,9),
	(197,47,9),
	(198,47,9),
	(200,47,9),
	(202,48,9),
	(203,48,10),
	(101,24,5),
	(146,5,7),
	(118,28,6),
	(103,25,5),
	(182,43,9),
	(192,46,9),
	(199,47,9),
	(157,7,7),
	(143,4,7),
	(188,45,9),
	(181,43,8),
	(175,42,8),
	(205,49,10),
	(129,1,6),
	(142,4,7),
	(206,NULL,NULL),
	(207,NULL,NULL),
	(210,NULL,NULL),
	(211,NULL,NULL),
	(214,NULL,NULL),
	(215,NULL,NULL),
	(102,24,5),
	(113,27,5),
	(111,27,5),
	(114,27,5),
	(115,28,5),
	(119,28,6),
	(120,29,6),
	(121,29,6),
	(124,0,6),
	(125,0,6),
	(126,0,6),
	(127,0,6),
	(128,1,6),
	(130,1,6),
	(131,1,6),
	(132,1,6),
	(133,2,6),
	(135,2,6),
	(136,2,6),
	(137,3,6),
	(138,3,6),
	(140,3,7),
	(141,4,7),
	(144,4,7),
	(145,5,7),
	(147,5,7),
	(148,5,7),
	(149,5,7),
	(150,6,7),
	(151,6,7),
	(152,6,7),
	(153,6,7),
	(154,7,7),
	(155,7,7),
	(158,8,7),
	(159,8,7),
	(160,8,8),
	(162,9,8),
	(164,9,8),
	(165,9,8),
	(166,9,8),
	(169,40,8),
	(170,40,8),
	(171,41,8),
	(172,41,8),
	(174,41,8),
	(176,42,8),
	(177,42,8),
	(178,42,8),
	(179,43,8),
	(180,43,8),
	(183,43,9),
	(184,44,9),
	(185,44,9),
	(186,44,9),
	(187,44,9),
	(189,45,9),
	(190,45,9),
	(191,45,9),
	(193,46,9),
	(194,46,9),
	(196,47,9),
	(197,47,9),
	(198,47,9),
	(200,47,9),
	(202,48,9),
	(203,48,10),
	(101,24,5),
	(146,5,7),
	(118,28,6),
	(103,25,5),
	(182,43,9),
	(192,46,9),
	(199,47,9),
	(157,7,7),
	(143,4,7),
	(188,45,9),
	(181,43,8),
	(175,42,8),
	(205,49,10),
	(129,1,6),
	(142,4,7),
	(206,NULL,NULL),
	(207,NULL,NULL),
	(210,NULL,NULL),
	(211,NULL,NULL),
	(214,NULL,NULL),
	(215,NULL,NULL),
	(102,24,5),
	(113,27,5),
	(111,27,5),
	(114,27,5),
	(115,28,5),
	(119,28,6),
	(120,29,6),
	(121,29,6),
	(124,0,6),
	(125,0,6),
	(126,0,6),
	(127,0,6),
	(128,1,6),
	(130,1,6),
	(131,1,6),
	(132,1,6),
	(133,2,6),
	(135,2,6),
	(136,2,6),
	(137,3,6),
	(138,3,6),
	(140,3,7),
	(141,4,7),
	(144,4,7),
	(145,5,7),
	(147,5,7),
	(148,5,7),
	(149,5,7),
	(150,6,7),
	(151,6,7),
	(152,6,7),
	(153,6,7),
	(154,7,7),
	(155,7,7),
	(158,8,7),
	(159,8,7),
	(160,8,8),
	(162,9,8),
	(164,9,8),
	(165,9,8),
	(166,9,8),
	(169,40,8),
	(170,40,8),
	(171,41,8),
	(172,41,8),
	(174,41,8),
	(176,42,8),
	(177,42,8),
	(178,42,8),
	(179,43,8),
	(180,43,8),
	(183,43,9),
	(184,44,9),
	(185,44,9),
	(186,44,9),
	(187,44,9),
	(189,45,9),
	(190,45,9),
	(191,45,9),
	(193,46,9),
	(194,46,9),
	(196,47,9),
	(197,47,9),
	(198,47,9),
	(200,47,9),
	(202,48,9),
	(203,48,10),
	(101,24,5),
	(146,5,7),
	(118,28,6),
	(103,25,5),
	(182,43,9),
	(192,46,9),
	(199,47,9),
	(157,7,7),
	(143,4,7),
	(188,45,9),
	(181,43,8),
	(175,42,8),
	(205,49,10),
	(129,1,6),
	(142,4,7),
	(206,NULL,NULL),
	(207,NULL,NULL),
	(210,NULL,NULL),
	(211,NULL,NULL),
	(214,NULL,NULL),
	(215,NULL,NULL);

/*!40000 ALTER TABLE `VOTING` ENABLE KEYS */;
UNLOCK TABLES;





/*!40111 SET SQL_NOTES=@OLD_SQL_NOTES */;
/*!40101 SET SQL_MODE=@OLD_SQL_MODE */;
/*!40014 SET FOREIGN_KEY_CHECKS=@OLD_FOREIGN_KEY_CHECKS */;
/*!40014 SET UNIQUE_CHECKS=@OLD_UNIQUE_CHECKS */;
/*!40101 SET CHARACTER_SET_CLIENT=@OLD_CHARACTER_SET_CLIENT */;
/*!40101 SET CHARACTER_SET_RESULTS=@OLD_CHARACTER_SET_RESULTS */;
/*!40101 SET COLLATION_CONNECTION=@OLD_COLLATION_CONNECTION */;
