# Sequel Pro dump
# Version 2492
# http://code.google.com/p/sequel-pro
#
# Host: 127.0.0.1 (MySQL 5.1.44)
# Database: WOSchool
# Generation Time: 2011-06-14 15:49:41 +0200
# ************************************************************

/*!40101 SET @OLD_CHARACTER_SET_CLIENT=@@CHARACTER_SET_CLIENT */;
/*!40101 SET @OLD_CHARACTER_SET_RESULTS=@@CHARACTER_SET_RESULTS */;
/*!40101 SET @OLD_COLLATION_CONNECTION=@@COLLATION_CONNECTION */;
/*!40101 SET NAMES utf8 */;
/*!40014 SET @OLD_UNIQUE_CHECKS=@@UNIQUE_CHECKS, UNIQUE_CHECKS=0 */;
/*!40014 SET @OLD_FOREIGN_KEY_CHECKS=@@FOREIGN_KEY_CHECKS, FOREIGN_KEY_CHECKS=0 */;
/*!40101 SET @OLD_SQL_MODE=@@SQL_MODE, SQL_MODE='NO_AUTO_VALUE_ON_ZERO' */;
/*!40111 SET @OLD_SQL_NOTES=@@SQL_NOTES, SQL_NOTES=0 */;


# Dump of table ADDRESS
# ------------------------------------------------------------

DROP TABLE IF EXISTS `ADDRESS`;

CREATE TABLE `ADDRESS` (
  `ADDRESS_ID` int(11) NOT NULL,
  `ADDRESS_TYPE` int(11) DEFAULT NULL,
  `CITY` char(32) DEFAULT NULL,
  `PHONE` char(16) DEFAULT NULL,
  `STATE` char(32) DEFAULT NULL,
  `STREET` char(255) DEFAULT NULL,
  `ZIP` char(16) DEFAULT NULL,
  PRIMARY KEY (`ADDRESS_ID`)
) ENGINE=MyISAM DEFAULT CHARSET=utf8;



# Dump of table BILLING_ADDRESS
# ------------------------------------------------------------

DROP TABLE IF EXISTS `BILLING_ADDRESS`;

CREATE TABLE `BILLING_ADDRESS` (
  `ACCOUNT_NUMBER` char(16) DEFAULT NULL,
  `ADDRESS_ID` int(11) NOT NULL,
  `EXPIRATION_DATE` datetime DEFAULT NULL,
  `PAYMENT_METHOD` char(16) DEFAULT NULL,
  PRIMARY KEY (`ADDRESS_ID`)
) ENGINE=MyISAM DEFAULT CHARSET=utf8;



# Dump of table CLASSROOM
# ------------------------------------------------------------

DROP TABLE IF EXISTS `CLASSROOM`;

CREATE TABLE `CLASSROOM` (
  `BUILDING` char(64) DEFAULT NULL,
  `CLASSROOM_ID` int(11) NOT NULL,
  `NAME` char(32) DEFAULT NULL,
  PRIMARY KEY (`CLASSROOM_ID`)
) ENGINE=MyISAM DEFAULT CHARSET=utf8;

LOCK TABLES `CLASSROOM` WRITE;
/*!40000 ALTER TABLE `CLASSROOM` DISABLE KEYS */;
INSERT INTO `CLASSROOM` (`BUILDING`,`CLASSROOM_ID`,`NAME`)
VALUES
	('Annie Hall',1,'234'),
	('Cow Palace',2,'567'),
	('Terrarium',3,'111'),
	('High Building',6,'888'),
	('Show Theater',7,'711');

/*!40000 ALTER TABLE `CLASSROOM` ENABLE KEYS */;
UNLOCK TABLES;


# Dump of table COURSE
# ------------------------------------------------------------

DROP TABLE IF EXISTS `COURSE`;

CREATE TABLE `COURSE` (
  `COURSE_ID` int(11) NOT NULL,
  `DETAILS` char(255) DEFAULT NULL,
  `NAME` char(32) DEFAULT NULL,
  `SHORT_DESCRIPTION` char(64) DEFAULT NULL,
  PRIMARY KEY (`COURSE_ID`)
) ENGINE=MyISAM DEFAULT CHARSET=utf8;

LOCK TABLES `COURSE` WRITE;
/*!40000 ALTER TABLE `COURSE` DISABLE KEYS */;
INSERT INTO `COURSE` (`COURSE_ID`,`DETAILS`,`NAME`,`SHORT_DESCRIPTION`)
VALUES
	(1,'Callouses, cause and treatment','Physics','The real world'),
	(2,'Behavior and structure of human primates','Biology','The opposite sex'),
	(3,'Acquisition and retention of large sums of cash','Economics','Money and its lack'),
	(4,'How say something and still get elected','Government','Staying out of trouble'),
	(5,'Figure out what works, and what doesn\'t','History','Trial and error');

/*!40000 ALTER TABLE `COURSE` ENABLE KEYS */;
UNLOCK TABLES;


# Dump of table EMPLOYEE
# ------------------------------------------------------------

DROP TABLE IF EXISTS `EMPLOYEE`;

CREATE TABLE `EMPLOYEE` (
  `ADDRESS_ID` int(9) DEFAULT NULL,
  `AGE` int(11) DEFAULT NULL,
  `DATE_OF_BIRTH` datetime DEFAULT NULL,
  `EMPLOYEE_TYPE` int(11) DEFAULT NULL,
  `FIRST_NAME` char(255) DEFAULT NULL,
  `LAST_NAME` char(255) DEFAULT NULL,
  `LOGIN` char(8) DEFAULT NULL,
  `MANAGER_ID` int(9) DEFAULT NULL,
  `OFFICE` char(32) DEFAULT NULL,
  `PASSWORD` char(8) DEFAULT NULL,
  `PERSON_ID` int(9) NOT NULL,
  `SALARY` int(11) DEFAULT NULL,
  `STATUS` int(11) DEFAULT NULL,
  `DEGREE` char(32) DEFAULT NULL,
  `DEPARTMENT` char(64) DEFAULT NULL,
  `SCHEDULED_CLASS_ID` int(9) DEFAULT NULL,
  PRIMARY KEY (`PERSON_ID`)
) ENGINE=MyISAM DEFAULT CHARSET=utf8;

LOCK TABLES `EMPLOYEE` WRITE;
/*!40000 ALTER TABLE `EMPLOYEE` DISABLE KEYS */;
INSERT INTO `EMPLOYEE` (`ADDRESS_ID`,`AGE`,`DATE_OF_BIRTH`,`EMPLOYEE_TYPE`,`FIRST_NAME`,`LAST_NAME`,`LOGIN`,`MANAGER_ID`,`OFFICE`,`PASSWORD`,`PERSON_ID`,`SALARY`,`STATUS`,`DEGREE`,`DEPARTMENT`,`SCHEDULED_CLASS_ID`)
VALUES
	(NULL,NULL,'2019-02-23 08:00:00',3,'Albert','Einstein',NULL,NULL,NULL,NULL,4,NULL,NULL,NULL,'Physics',NULL),
	(NULL,NULL,'1933-03-02 08:00:00',3,'Frank','Sinatra',NULL,NULL,NULL,NULL,5,NULL,NULL,NULL,'Music',NULL),
	(NULL,NULL,'1944-04-03 10:00:00',3,'Gene','Wilder',NULL,NULL,NULL,NULL,10,NULL,NULL,NULL,'Drama',NULL),
	(NULL,NULL,'1951-01-15 08:00:00',3,'Dianne','Flossey',NULL,NULL,NULL,NULL,11,NULL,NULL,NULL,'Biology',NULL),
	(NULL,NULL,'1956-05-27 10:00:00',3,'Bill','Clinton',NULL,NULL,NULL,NULL,12,NULL,NULL,NULL,'Government',NULL),
	(NULL,NULL,'1942-03-16 10:00:00',3,'John','Locke',NULL,NULL,NULL,NULL,13,NULL,NULL,NULL,'Economics',NULL),
	(NULL,NULL,'1949-02-17 08:00:00',3,'James','Burke',NULL,NULL,NULL,NULL,14,NULL,NULL,NULL,'History',NULL),
	(NULL,NULL,NULL,2,'Administrator',NULL,'admin',NULL,NULL,'admin',65,NULL,NULL,NULL,NULL,NULL);

/*!40000 ALTER TABLE `EMPLOYEE` ENABLE KEYS */;
UNLOCK TABLES;


# Dump of table EO_PK_TABLE
# ------------------------------------------------------------

DROP TABLE IF EXISTS `EO_PK_TABLE`;

CREATE TABLE `EO_PK_TABLE` (
  `NAME` char(40) NOT NULL,
  `PK` int(11) DEFAULT NULL,
  PRIMARY KEY (`NAME`)
) ENGINE=MyISAM DEFAULT CHARSET=utf8;



# Dump of table HOME_ADDRESS
# ------------------------------------------------------------

DROP TABLE IF EXISTS `HOME_ADDRESS`;

CREATE TABLE `HOME_ADDRESS` (
  `ADDRESS_ID` int(11) NOT NULL,
  `EMAIL_ADDRESS` char(64) DEFAULT NULL,
  PRIMARY KEY (`ADDRESS_ID`)
) ENGINE=MyISAM DEFAULT CHARSET=utf8;



# Dump of table PARENT
# ------------------------------------------------------------

DROP TABLE IF EXISTS `PARENT`;

CREATE TABLE `PARENT` (
  `ADDRESS_ID` int(9) DEFAULT NULL,
  `AGE` int(11) DEFAULT NULL,
  `DATE_OF_BIRTH` datetime DEFAULT NULL,
  `FIRST_NAME` char(255) DEFAULT NULL,
  `LAST_NAME` char(255) DEFAULT NULL,
  `LOGIN` char(8) DEFAULT NULL,
  `PASSWORD` char(8) DEFAULT NULL,
  `PERSON_ID` int(9) NOT NULL,
  `STATUS` int(11) DEFAULT NULL,
  PRIMARY KEY (`PERSON_ID`)
) ENGINE=MyISAM DEFAULT CHARSET=utf8;



# Dump of table SCHEDULE
# ------------------------------------------------------------

DROP TABLE IF EXISTS `SCHEDULE`;

CREATE TABLE `SCHEDULE` (
  `DAY` char(32) DEFAULT NULL,
  `HOURS` int(11) DEFAULT NULL,
  `SCHEDULE_ID` int(11) NOT NULL,
  `TIME` datetime DEFAULT NULL,
  PRIMARY KEY (`SCHEDULE_ID`)
) ENGINE=MyISAM DEFAULT CHARSET=utf8;

LOCK TABLES `SCHEDULE` WRITE;
/*!40000 ALTER TABLE `SCHEDULE` DISABLE KEYS */;
INSERT INTO `SCHEDULE` (`DAY`,`HOURS`,`SCHEDULE_ID`,`TIME`)
VALUES
	('Monday',NULL,1,'2000-12-31 16:00:00'),
	('Friday',NULL,2,'2000-12-31 16:00:00'),
	('Wednesday',NULL,3,'2000-12-31 18:00:00'),
	('Thursday',NULL,5,'2000-12-31 19:00:00'),
	('Tuesday',NULL,6,'2000-12-31 23:00:00');

/*!40000 ALTER TABLE `SCHEDULE` ENABLE KEYS */;
UNLOCK TABLES;


# Dump of table SCHEDULED_CLASS
# ------------------------------------------------------------

DROP TABLE IF EXISTS `SCHEDULED_CLASS`;

CREATE TABLE `SCHEDULED_CLASS` (
  `CLASSROOM_ID` int(11) NOT NULL,
  `COURSE_ID` int(11) NOT NULL,
  `SCHEDULE_ID` int(11) NOT NULL,
  `SCHEDULED_CLASS_ID` int(11) NOT NULL,
  `TEACHER_ID` int(11) NOT NULL,
  PRIMARY KEY (`SCHEDULED_CLASS_ID`)
) ENGINE=MyISAM DEFAULT CHARSET=utf8;

LOCK TABLES `SCHEDULED_CLASS` WRITE;
/*!40000 ALTER TABLE `SCHEDULED_CLASS` DISABLE KEYS */;
INSERT INTO `SCHEDULED_CLASS` (`CLASSROOM_ID`,`COURSE_ID`,`SCHEDULE_ID`,`SCHEDULED_CLASS_ID`,`TEACHER_ID`)
VALUES
	(1,1,1,1,4),
	(2,2,2,2,11),
	(3,3,3,3,13),
	(6,4,5,5,12),
	(7,5,6,6,14);

/*!40000 ALTER TABLE `SCHEDULED_CLASS` ENABLE KEYS */;
UNLOCK TABLES;


# Dump of table STUDENT
# ------------------------------------------------------------

DROP TABLE IF EXISTS `STUDENT`;

CREATE TABLE `STUDENT` (
  `ADDRESS_ID` int(9) DEFAULT NULL,
  `AGE` int(11) DEFAULT NULL,
  `DATE_OF_BIRTH` datetime DEFAULT NULL,
  `FIRST_NAME` char(255) DEFAULT NULL,
  `LAST_NAME` char(255) DEFAULT NULL,
  `LOGIN` char(8) DEFAULT NULL,
  `PASSWORD` char(8) DEFAULT NULL,
  `PERSON_ID` int(9) NOT NULL,
  `STATUS` int(11) DEFAULT NULL,
  PRIMARY KEY (`PERSON_ID`)
) ENGINE=MyISAM DEFAULT CHARSET=utf8;

LOCK TABLES `STUDENT` WRITE;
/*!40000 ALTER TABLE `STUDENT` DISABLE KEYS */;
INSERT INTO `STUDENT` (`ADDRESS_ID`,`AGE`,`DATE_OF_BIRTH`,`FIRST_NAME`,`LAST_NAME`,`LOGIN`,`PASSWORD`,`PERSON_ID`,`STATUS`)
VALUES
	(NULL,NULL,NULL,'Guest',NULL,'guest','guest',62,NULL);

/*!40000 ALTER TABLE `STUDENT` ENABLE KEYS */;
UNLOCK TABLES;


# Dump of table STUDENT_SCHEDULED_CLASS
# ------------------------------------------------------------

DROP TABLE IF EXISTS `STUDENT_SCHEDULED_CLASS`;

CREATE TABLE `STUDENT_SCHEDULED_CLASS` (
  `SCHEDULED_CLASS_ID` int(11) NOT NULL,
  `STUDENT_ID` int(11) NOT NULL,
  PRIMARY KEY (`SCHEDULED_CLASS_ID`,`STUDENT_ID`)
) ENGINE=MyISAM DEFAULT CHARSET=utf8;



# Dump of table STUDENTPARENT
# ------------------------------------------------------------

DROP TABLE IF EXISTS `STUDENTPARENT`;

CREATE TABLE `STUDENTPARENT` (
  `PARENT_ID` int(11) NOT NULL,
  `STUDENT_ID` int(11) NOT NULL,
  PRIMARY KEY (`PARENT_ID`,`STUDENT_ID`)
) ENGINE=MyISAM DEFAULT CHARSET=utf8;



# Dump of table WORK_ADDRESS
# ------------------------------------------------------------

DROP TABLE IF EXISTS `WORK_ADDRESS`;

CREATE TABLE `WORK_ADDRESS` (
  `ADDRESS_ID` int(11) NOT NULL,
  `COMPANY` char(64) DEFAULT NULL,
  `MAIL_STOP` char(64) DEFAULT NULL,
  PRIMARY KEY (`ADDRESS_ID`)
) ENGINE=MyISAM DEFAULT CHARSET=utf8;






/*!40111 SET SQL_NOTES=@OLD_SQL_NOTES */;
/*!40101 SET SQL_MODE=@OLD_SQL_MODE */;
/*!40014 SET FOREIGN_KEY_CHECKS=@OLD_FOREIGN_KEY_CHECKS */;
/*!40014 SET UNIQUE_CHECKS=@OLD_UNIQUE_CHECKS */;
/*!40101 SET CHARACTER_SET_CLIENT=@OLD_CHARACTER_SET_CLIENT */;
/*!40101 SET CHARACTER_SET_RESULTS=@OLD_CHARACTER_SET_RESULTS */;
/*!40101 SET COLLATION_CONNECTION=@OLD_COLLATION_CONNECTION */;
